元素编号,部件名称,面,X,Y,宽,高,分区
9,"左侧板·下段整板",east,73.000000006,532.4,326.304222222,251.9,world_projection
10,"左侧板·连续后脊",east,73.000000006,93.94,186.604222222,458.26,world_projection
11,"左侧板·腰部闭合片",east,245.304222228,499.4,119.9,36.3,world_projection
12,"左侧板·肩部闭合片",east,73.000000006,139.7,165.704222222,58.3,world_projection
14,"左侧板·控制台鼻部",east,350.244222228,497.86,101.86,40.7,world_projection
18,"左侧板·灯箱颊板",east,73.000000006,93.94,174.064222222,60.06,world_projection
235,"左侧板·屏台接缝闭合片",east,258.504222228,449.9,28.6,50.6,world_projection
13,"左側板·后仰屏边",east,44.076983361286224,831.0577375209647,82.9666114021745,348.2763036378748,world_projection
15,"左侧板·鼻部下斜面",east,126.3260392394713,1230.5958373532474,54.02002953704235,18.346425125788073,world_projection
16,"左侧板·屏下连接",east,43.05773752096466,1162.006861873373,89.69363394829676,45.86606281446984,world_projection
17,"左侧板·灯箱回弯斜肩",east,91.2323405038759,831.2024192351379,45.25451531027697,20.384916806430965,world_projection
22,"右侧板·下段整板",west,618,532.4,326.304222222,251.9,world_projection
23,"右侧板·连续后脊",west,757.7,93.94,186.604222222,458.26,world_projection
24,"右侧板·腰部闭合片",west,652.1,499.4,119.9,36.3,world_projection
25,"右侧板·肩部闭合片",west,778.6,139.7,165.704222222,58.3,world_projection
27,"右侧板·控制台鼻部",west,565.2,497.86,101.86,40.7,world_projection
31,"右侧板·灯箱颊板",west,770.24,93.94,174.064222222,60.06,world_projection
236,"右侧板·屏台接缝闭合片",west,730.2,449.9,28.6,50.6,world_projection
26,"右側板·后仰屏边",west,608.3602115340176,831.0577375209647,82.96661140217452,348.2763036378748,world_projection
28,"右侧板·鼻部下斜面",west,555.0577375209647,1230.5958373532474,54.02002953704232,18.346425125788073,world_projection
29,"右侧板·屏下连接",west,602.6524348282169,1162.006861873373,89.69363394829679,45.86606281447007,world_projection
30,"右侧板·灯箱回弯斜肩",west,598.9169504833254,831.2024192351378,45.25451531027704,20.384916806431193,world_projection
56,"独立空白灯箱面",north,1088,48,896,82.8862165,marquee
36,"独立空白控制面",up,1088,932,896,166.2969589,control
3,"下前整板",north,1088,1168,896,444.8085485,lower
81,"1P/摇杆胶套·竖芯",north,57.74,1357.74,15.44400000000001,3.5560799999999873,independent
81,"1P/摇杆胶套·竖芯",east,79.18400000000001,1357.74,25.740000000000002,3.5560799999999873,independent
81,"1P/摇杆胶套·竖芯",south,110.924,1357.74,15.44400000000001,3.5560799999999873,independent
81,"1P/摇杆胶套·竖芯",west,26,1357.74,25.740000000000002,3.5560799999999873,independent
81,"1P/摇杆胶套·竖芯",up,57.74,1326,15.44400000000001,25.740000000000002,independent
81,"1P/摇杆胶套·竖芯",down,57.74,1367.29608,15.44400000000001,25.740000000000002,independent
80,"1P/摇杆胶套·横芯",north,47.444,1419.444,25.739999999999995,3.564000000000007,independent
80,"1P/摇杆胶套·横芯",east,79.184,1419.444,15.444000000000003,3.564000000000007,independent
80,"1P/摇杆胶套·横芯",south,100.628,1419.444,25.739999999999995,3.564000000000007,independent
80,"1P/摇杆胶套·横芯",west,26,1419.444,15.444000000000003,3.564000000000007,independent
80,"1P/摇杆胶套·横芯",up,47.444,1398,25.739999999999995,15.444000000000003,independent
80,"1P/摇杆胶套·横芯",down,47.444,1429.008,25.739999999999995,15.444000000000003,independent
88,"1P/摇杆握球中段·竖芯",north,52.196000000000005,1475.196,11.880000000000003,11.674079999999996,independent
88,"1P/摇杆握球中段·竖芯",east,70.07600000000001,1475.196,20.196000000000005,11.674079999999996,independent
88,"1P/摇杆握球中段·竖芯",south,96.27200000000002,1475.196,11.880000000000003,11.674079999999996,independent
88,"1P/摇杆握球中段·竖芯",west,26,1475.196,20.196000000000005,11.674079999999996,independent
88,"1P/摇杆握球中段·竖芯",up,52.196000000000005,1449,11.880000000000003,20.196000000000005,independent
88,"1P/摇杆握球中段·竖芯",down,52.196000000000005,1492.87008,11.880000000000003,20.196000000000005,independent
87,"1P/摇杆握球中段·横芯",north,43.879999999999995,1535.88,20.195999999999998,11.681999999999984,independent
87,"1P/摇杆握球中段·横芯",east,70.076,1535.88,11.879999999999995,11.681999999999984,independent
87,"1P/摇杆握球中段·横芯",south,87.95599999999999,1535.88,20.195999999999998,11.681999999999984,independent
87,"1P/摇杆握球中段·横芯",west,26,1535.88,11.879999999999995,11.681999999999984,independent
87,"1P/摇杆握球中段·横芯",up,43.879999999999995,1518,20.195999999999998,11.879999999999995,independent
87,"1P/摇杆握球中段·横芯",down,43.879999999999995,1553.562,20.195999999999998,11.879999999999995,independent
106,"1P/操作按钮1·竖芯",north,48.038,1592.038,9.385199999999998,6.328079999999986,independent
106,"1P/操作按钮1·竖芯",east,63.423199999999994,1592.038,16.038,6.328079999999986,independent
106,"1P/操作按钮1·竖芯",south,85.46119999999999,1592.038,9.385199999999998,6.328079999999986,independent
106,"1P/操作按钮1·竖芯",west,26,1592.038,16.038,6.328079999999986,independent
106,"1P/操作按钮1·竖芯",up,48.038,1570,9.385199999999998,16.038,independent
106,"1P/操作按钮1·竖芯",down,48.038,1604.36608,9.385199999999998,16.038,independent
112,"1P/操作按钮2·竖芯",north,121.038,1592.038,9.38520000000003,6.328079999999986,independent
112,"1P/操作按钮2·竖芯",east,136.42320000000004,1592.038,16.038,6.328079999999986,independent
112,"1P/操作按钮2·竖芯",south,158.46120000000002,1592.038,9.38520000000003,6.328079999999986,independent
112,"1P/操作按钮2·竖芯",west,99,1592.038,16.038,6.328079999999986,independent
112,"1P/操作按钮2·竖芯",up,121.038,1570,9.38520000000003,16.038,independent
112,"1P/操作按钮2·竖芯",down,121.038,1604.36608,9.38520000000003,16.038,independent
118,"1P/操作按钮3·竖芯",north,135.038,1471.038,9.385199999999998,6.328079999999986,independent
118,"1P/操作按钮3·竖芯",east,150.4232,1471.038,16.038,6.328079999999986,independent
118,"1P/操作按钮3·竖芯",south,172.4612,1471.038,9.385199999999998,6.328079999999986,independent
118,"1P/操作按钮3·竖芯",west,113,1471.038,16.038,6.328079999999986,independent
118,"1P/操作按钮3·竖芯",up,135.038,1449,9.385199999999998,16.038,independent
118,"1P/操作按钮3·竖芯",down,135.038,1483.36608,9.385199999999998,16.038,independent
124,"1P/操作按钮4·竖芯",north,135.038,1526.038,9.385199999999998,6.328079999999986,independent
124,"1P/操作按钮4·竖芯",east,150.4232,1526.038,16.038,6.328079999999986,independent
124,"1P/操作按钮4·竖芯",south,172.4612,1526.038,9.385199999999998,6.328079999999986,independent
124,"1P/操作按钮4·竖芯",west,113,1526.038,16.038,6.328079999999986,independent
124,"1P/操作按钮4·竖芯",up,135.038,1504,9.385199999999998,16.038,independent
124,"1P/操作按钮4·竖芯",down,135.038,1538.36608,9.385199999999998,16.038,independent
130,"1P/操作按钮5·竖芯",north,194.038,1581.038,9.38520000000003,6.328079999999986,independent
130,"1P/操作按钮5·竖芯",east,209.42320000000004,1581.038,16.038,6.328079999999986,independent
130,"1P/操作按钮5·竖芯",south,231.46120000000002,1581.038,9.38520000000003,6.328079999999986,independent
130,"1P/操作按钮5·竖芯",west,172,1581.038,16.038,6.328079999999986,independent
130,"1P/操作按钮5·竖芯",up,194.038,1559,9.38520000000003,16.038,independent
130,"1P/操作按钮5·竖芯",down,194.038,1593.36608,9.38520000000003,16.038,independent
136,"1P/操作按钮6·竖芯",north,153.038,1348.038,9.385199999999998,6.328079999999986,independent
136,"1P/操作按钮6·竖芯",east,168.4232,1348.038,16.038,6.328079999999986,independent
136,"1P/操作按钮6·竖芯",south,190.4612,1348.038,9.385199999999998,6.328079999999986,independent
136,"1P/操作按钮6·竖芯",west,131,1348.038,16.038,6.328079999999986,independent
136,"1P/操作按钮6·竖芯",up,153.038,1326,9.385199999999998,16.038,independent
136,"1P/操作按钮6·竖芯",down,153.038,1360.36608,9.385199999999998,16.038,independent
105,"1P/操作按钮1·横芯",north,187.3852,1629.3852,16.03799999999997,6.336000000000006,independent
105,"1P/操作按钮1·横芯",east,209.42319999999995,1629.3852,9.385199999999998,6.336000000000006,independent
105,"1P/操作按钮1·横芯",south,224.80839999999995,1629.3852,16.03799999999997,6.336000000000006,independent
105,"1P/操作按钮1·横芯",west,172,1629.3852,9.385199999999998,6.336000000000006,independent
105,"1P/操作按钮1·横芯",up,187.3852,1614,16.03799999999997,9.385199999999998,independent
105,"1P/操作按钮1·横芯",down,187.3852,1641.7212,16.03799999999997,9.385199999999998,independent
111,"1P/操作按钮2·横芯",north,146.3852,1396.3852,16.038,6.336000000000006,independent
111,"1P/操作按钮2·横芯",east,168.4232,1396.3852,9.385200000000001,6.336000000000006,independent
111,"1P/操作按钮2·横芯",south,183.8084,1396.3852,16.038,6.336000000000006,independent
111,"1P/操作按钮2·横芯",west,131,1396.3852,9.385200000000001,6.336000000000006,independent
111,"1P/操作按钮2·横芯",up,146.3852,1381,16.038,9.385200000000001,independent
111,"1P/操作按钮2·横芯",down,146.3852,1408.7212,16.038,9.385200000000001,independent
117,"1P/操作按钮3·横芯",north,201.3852,1438.3852,16.038,6.336000000000006,independent
117,"1P/操作按钮3·横芯",east,223.4232,1438.3852,9.385199999999998,6.336000000000006,independent
117,"1P/操作按钮3·横芯",south,238.8084,1438.3852,16.038,6.336000000000006,independent
117,"1P/操作按钮3·横芯",west,186,1438.3852,9.385199999999998,6.336000000000006,independent
117,"1P/操作按钮3·横芯",up,201.3852,1423,16.038,9.385199999999998,independent
117,"1P/操作按钮3·横芯",down,201.3852,1450.7212,16.038,9.385199999999998,independent
123,"1P/操作按钮4·横芯",north,201.3852,1480.3852,16.03799999999997,6.336000000000006,independent
123,"1P/操作按钮4·横芯",east,223.42319999999995,1480.3852,9.385199999999998,6.336000000000006,independent
123,"1P/操作按钮4·横芯",south,238.80839999999995,1480.3852,16.03799999999997,6.336000000000006,independent
123,"1P/操作按钮4·横芯",west,186,1480.3852,9.385199999999998,6.336000000000006,independent
123,"1P/操作按钮4·横芯",up,201.3852,1465,16.03799999999997,9.385199999999998,independent
123,"1P/操作按钮4·横芯",down,201.3852,1492.7212,16.03799999999997,9.385199999999998,independent
129,"1P/操作按钮5·横芯",north,201.3852,1522.3852,16.038,6.336000000000006,independent
129,"1P/操作按钮5·横芯",east,223.4232,1522.3852,9.385199999999998,6.336000000000006,independent
129,"1P/操作按钮5·横芯",south,238.8084,1522.3852,16.038,6.336000000000006,independent
129,"1P/操作按钮5·横芯",west,186,1522.3852,9.385199999999998,6.336000000000006,independent
129,"1P/操作按钮5·横芯",up,201.3852,1507,16.038,9.385199999999998,independent
129,"1P/操作按钮5·横芯",down,201.3852,1534.7212,16.038,9.385199999999998,independent
135,"1P/操作按钮6·横芯",north,219.3852,1341.3852,16.038,6.336000000000006,independent
135,"1P/操作按钮6·横芯",east,241.4232,1341.3852,9.385199999999998,6.336000000000006,independent
135,"1P/操作按钮6·横芯",south,256.8084,1341.3852,16.038,6.336000000000006,independent
135,"1P/操作按钮6·横芯",west,204,1341.3852,9.385199999999998,6.336000000000006,independent
135,"1P/操作按钮6·横芯",up,219.3852,1326,16.038,9.385199999999998,independent
135,"1P/操作按钮6·横芯",down,219.3852,1353.7212,16.038,9.385199999999998,independent
94,"1P/摇杆握球顶面·竖芯",north,224.058,1388.058,8.315999999999995,4.74408,independent
94,"1P/摇杆握球顶面·竖芯",east,238.374,1388.058,14.058000000000003,4.74408,independent
94,"1P/摇杆握球顶面·竖芯",south,258.432,1388.058,8.315999999999995,4.74408,independent
94,"1P/摇杆握球顶面·竖芯",west,204,1388.058,14.058000000000003,4.74408,independent
94,"1P/摇杆握球顶面·竖芯",up,224.058,1368,8.315999999999995,14.058000000000003,independent
94,"1P/摇杆握球顶面·竖芯",down,224.058,1398.80208,8.315999999999995,14.058000000000003,independent
100,"1P/摇杆握球下端·竖芯",north,265.058,1569.058,8.315999999999995,4.74408,independent
100,"1P/摇杆握球下端·竖芯",east,279.374,1569.058,14.058000000000003,4.74408,independent
100,"1P/摇杆握球下端·竖芯",south,299.432,1569.058,8.315999999999995,4.74408,independent
100,"1P/摇杆握球下端·竖芯",west,245,1569.058,14.058000000000003,4.74408,independent
100,"1P/摇杆握球下端·竖芯",up,265.058,1549,8.315999999999995,14.058000000000003,independent
100,"1P/摇杆握球下端·竖芯",down,265.058,1579.80208,8.315999999999995,14.058000000000003,independent
93,"1P/摇杆握球顶面·横芯",north,259.31600000000003,1612.316,14.057999999999979,4.75200000000002,independent
93,"1P/摇杆握球顶面·横芯",east,279.37399999999997,1612.316,8.316000000000003,4.75200000000002,independent
93,"1P/摇杆握球顶面·横芯",south,293.69,1612.316,14.057999999999979,4.75200000000002,independent
93,"1P/摇杆握球顶面·横芯",west,245,1612.316,8.316000000000003,4.75200000000002,independent
93,"1P/摇杆握球顶面·横芯",up,259.31600000000003,1598,14.057999999999979,8.316000000000003,independent
93,"1P/摇杆握球顶面·横芯",down,259.31600000000003,1623.068,14.057999999999979,8.316000000000003,independent
99,"1P/摇杆握球下端·横芯",north,273.31600000000003,1431.316,14.057999999999979,4.751999999999988,independent
99,"1P/摇杆握球下端·横芯",east,293.37399999999997,1431.316,8.316000000000003,4.751999999999988,independent
99,"1P/摇杆握球下端·横芯",south,307.69,1431.316,14.057999999999979,4.751999999999988,independent
99,"1P/摇杆握球下端·横芯",west,259,1431.316,8.316000000000003,4.751999999999988,independent
99,"1P/摇杆握球下端·横芯",up,273.31600000000003,1417,14.057999999999979,8.316000000000003,independent
99,"1P/摇杆握球下端·横芯",down,273.31600000000003,1442.068,14.057999999999979,8.316000000000003,independent
142,"1P/开始键·竖芯",north,286.702,1383.702,5.7024000000000115,4.15008000000001,independent
142,"1P/开始键·竖芯",east,298.4044,1383.702,9.701999999999998,4.15008000000001,independent
142,"1P/开始键·竖芯",south,314.1064,1383.702,5.7024000000000115,4.15008000000001,independent
142,"1P/开始键·竖芯",west,271,1383.702,9.701999999999998,4.15008000000001,independent
142,"1P/开始键·竖芯",up,286.702,1368,5.7024000000000115,9.701999999999998,independent
142,"1P/开始键·竖芯",down,286.702,1393.8520800000001,5.7024000000000115,9.701999999999998,independent
141,"1P/开始键·横芯",north,288.7024,1337.7024,9.702000000000027,4.157999999999998,independent
141,"1P/开始键·横芯",east,304.4044,1337.7024,5.702399999999999,4.157999999999998,independent
141,"1P/开始键·横芯",south,316.1068,1337.7024,9.702000000000027,4.157999999999998,independent
141,"1P/开始键·横芯",west,277,1337.7024,5.702399999999999,4.157999999999998,independent
141,"1P/开始键·横芯",up,288.7024,1326,9.702000000000027,5.702399999999999,independent
141,"1P/开始键·横芯",down,288.7024,1347.8604,9.702000000000027,5.702399999999999,independent
82,"1P/摇杆胶套·倒角",north,337.28046,1371.28046,7.280459999999998,3.5481599999999993,independent
82,"1P/摇杆胶套·倒角",east,350.56092,1371.28046,7.280459999999998,3.5481599999999993,independent
82,"1P/摇杆胶套·倒角",south,363.84138,1371.28046,7.280459999999998,3.5481599999999993,independent
82,"1P/摇杆胶套·倒角",west,324,1371.28046,7.280459999999998,3.5481599999999993,independent
82,"1P/摇杆胶套·倒角",up,337.28046,1358,7.280459999999998,7.280459999999998,independent
82,"1P/摇杆胶套·倒角",down,337.28046,1380.82862,7.280459999999998,7.280459999999998,independent
83,"1P/摇杆胶套·倒角",north,272.28046,1468.28046,7.280459999999998,3.5481599999999993,independent
83,"1P/摇杆胶套·倒角",east,285.56092,1468.28046,7.280459999999998,3.5481599999999993,independent
83,"1P/摇杆胶套·倒角",south,298.84138,1468.28046,7.280459999999998,3.5481599999999993,independent
83,"1P/摇杆胶套·倒角",west,259,1468.28046,7.280459999999998,3.5481599999999993,independent
83,"1P/摇杆胶套·倒角",up,272.28046,1455,7.280459999999998,7.280459999999998,independent
83,"1P/摇杆胶套·倒角",down,272.28046,1477.82862,7.280459999999998,7.280459999999998,independent
84,"1P/摇杆胶套·倒角",north,272.28046,1503.28046,7.280459999999998,3.5481599999999993,independent
84,"1P/摇杆胶套·倒角",east,285.56092,1503.28046,7.280459999999998,3.5481599999999993,independent
84,"1P/摇杆胶套·倒角",south,298.84138,1503.28046,7.280459999999998,3.5481599999999993,independent
84,"1P/摇杆胶套·倒角",west,259,1503.28046,7.280459999999998,3.5481599999999993,independent
84,"1P/摇杆胶套·倒角",up,272.28046,1490,7.280459999999998,7.280459999999998,independent
84,"1P/摇杆胶套·倒角",down,272.28046,1512.82862,7.280459999999998,7.280459999999998,independent
85,"1P/摇杆胶套·倒角",north,324.28046,1468.28046,7.280459999999998,3.5481599999999993,independent
85,"1P/摇杆胶套·倒角",east,337.56092,1468.28046,7.280459999999998,3.5481599999999993,independent
85,"1P/摇杆胶套·倒角",south,350.84138,1468.28046,7.280459999999998,3.5481599999999993,independent
85,"1P/摇杆胶套·倒角",west,311,1468.28046,7.280459999999998,3.5481599999999993,independent
85,"1P/摇杆胶套·倒角",up,324.28046,1455,7.280459999999998,7.280459999999998,independent
85,"1P/摇杆胶套·倒角",down,324.28046,1477.82862,7.280459999999998,7.280459999999998,independent
86,"1P/摇杆金属杆",north,322.346,1501.346,5.346000000000011,22.76999999999998,independent
86,"1P/摇杆金属杆",east,333.692,1501.346,5.346000000000003,22.76999999999998,independent
86,"1P/摇杆金属杆",south,345.038,1501.346,5.346000000000011,22.76999999999998,independent
86,"1P/摇杆金属杆",west,311,1501.346,5.346000000000003,22.76999999999998,independent
86,"1P/摇杆金属杆",up,322.346,1490,5.346000000000011,5.346000000000003,independent
86,"1P/摇杆金属杆",down,322.346,1530.116,5.346000000000011,5.346000000000003,independent
89,"1P/摇杆握球中段·倒角",north,337.880204,1404.880204,5.88020400000002,11.666160000000009,independent
89,"1P/摇杆握球中段·倒角",east,349.76040800000004,1404.880204,5.880203999999996,11.666160000000009,independent
89,"1P/摇杆握球中段·倒角",south,361.64061200000003,1404.880204,5.88020400000002,11.666160000000009,independent
89,"1P/摇杆握球中段·倒角",west,326,1404.880204,5.880203999999996,11.666160000000009,independent
89,"1P/摇杆握球中段·倒角",up,337.880204,1393,5.88020400000002,5.880203999999996,independent
89,"1P/摇杆握球中段·倒角",down,337.880204,1422.546364,5.88020400000002,5.880203999999996,independent
90,"1P/摇杆握球中段·倒角",north,323.880204,1551.880204,5.8802039999999565,11.666160000000009,independent
90,"1P/摇杆握球中段·倒角",east,335.7604079999999,1551.880204,5.880203999999996,11.666160000000009,independent
90,"1P/摇杆握球中段·倒角",south,347.6406119999999,1551.880204,5.8802039999999565,11.666160000000009,independent
90,"1P/摇杆握球中段·倒角",west,312,1551.880204,5.880203999999996,11.666160000000009,independent
90,"1P/摇杆握球中段·倒角",up,323.880204,1540,5.8802039999999565,5.880203999999996,independent
90,"1P/摇杆握球中段·倒角",down,323.880204,1569.546364,5.8802039999999565,5.880203999999996,independent
91,"1P/摇杆握球中段·倒角",north,366.880204,1501.880204,5.88020400000002,11.666160000000009,independent
91,"1P/摇杆握球中段·倒角",east,378.76040800000004,1501.880204,5.880203999999996,11.666160000000009,independent
91,"1P/摇杆握球中段·倒角",south,390.64061200000003,1501.880204,5.88020400000002,11.666160000000009,independent
91,"1P/摇杆握球中段·倒角",west,355,1501.880204,5.880203999999996,11.666160000000009,independent
91,"1P/摇杆握球中段·倒角",up,366.880204,1490,5.88020400000002,5.880203999999996,independent
91,"1P/摇杆握球中段·倒角",down,366.880204,1519.546364,5.88020400000002,5.880203999999996,independent
92,"1P/摇杆握球中段·倒角",north,374.880204,1444.880204,5.8802039999999565,11.666160000000009,independent
92,"1P/摇杆握球中段·倒角",east,386.7604079999999,1444.880204,5.880203999999996,11.666160000000009,independent
92,"1P/摇杆握球中段·倒角",south,398.6406119999999,1444.880204,5.8802039999999565,11.666160000000009,independent
92,"1P/摇杆握球中段·倒角",west,363,1444.880204,5.880203999999996,11.666160000000009,independent
92,"1P/摇杆握球中段·倒角",up,374.880204,1433,5.8802039999999565,5.880203999999996,independent
92,"1P/摇杆握球中段·倒角",down,374.880204,1462.546364,5.8802039999999565,5.880203999999996,independent
107,"1P/操作按钮1·倒角",north,340.704084,1336.704084,4.704084000000037,6.320159999999998,independent
107,"1P/操作按钮1·倒角",east,351.40816800000005,1336.704084,4.704084000000002,6.320159999999998,independent
107,"1P/操作按钮1·倒角",south,362.112252,1336.704084,4.704084000000037,6.320159999999998,independent
107,"1P/操作按钮1·倒角",west,330,1336.704084,4.704084000000002,6.320159999999998,independent
107,"1P/操作按钮1·倒角",up,340.704084,1326,4.704084000000037,4.704084000000002,independent
107,"1P/操作按钮1·倒角",down,340.704084,1349.024244,4.704084000000037,4.704084000000002,independent
108,"1P/操作按钮1·倒角",north,381.704084,1336.704084,4.704084000000037,6.320159999999998,independent
108,"1P/操作按钮1·倒角",east,392.40816800000005,1336.704084,4.704084000000002,6.320159999999998,independent
108,"1P/操作按钮1·倒角",south,403.112252,1336.704084,4.704084000000037,6.320159999999998,independent
108,"1P/操作按钮1·倒角",west,371,1336.704084,4.704084000000002,6.320159999999998,independent
108,"1P/操作按钮1·倒角",up,381.704084,1326,4.704084000000037,4.704084000000002,independent
108,"1P/操作按钮1·倒角",down,381.704084,1349.024244,4.704084000000037,4.704084000000002,independent
109,"1P/操作按钮1·倒角",north,382.704084,1403.704084,4.704084000000037,6.320159999999998,independent
109,"1P/操作按钮1·倒角",east,393.40816800000005,1403.704084,4.704084000000002,6.320159999999998,independent
109,"1P/操作按钮1·倒角",south,404.112252,1403.704084,4.704084000000037,6.320159999999998,independent
109,"1P/操作按钮1·倒角",west,372,1403.704084,4.704084000000002,6.320159999999998,independent
109,"1P/操作按钮1·倒角",up,382.704084,1393,4.704084000000037,4.704084000000002,independent
109,"1P/操作按钮1·倒角",down,382.704084,1416.024244,4.704084000000037,4.704084000000002,independent
110,"1P/操作按钮1·倒角",north,386.704084,1368.704084,4.704084000000037,6.320159999999998,independent
110,"1P/操作按钮1·倒角",east,397.40816800000005,1368.704084,4.704084000000002,6.320159999999998,independent
110,"1P/操作按钮1·倒角",south,408.112252,1368.704084,4.704084000000037,6.320159999999998,independent
110,"1P/操作按钮1·倒角",west,376,1368.704084,4.704084000000002,6.320159999999998,independent
110,"1P/操作按钮1·倒角",up,386.704084,1358,4.704084000000037,4.704084000000002,independent
110,"1P/操作按钮1·倒角",down,386.704084,1381.024244,4.704084000000037,4.704084000000002,independent
113,"1P/操作按钮2·倒角",north,422.704084,1336.704084,4.704084000000005,6.320159999999998,independent
113,"1P/操作按钮2·倒角",east,433.408168,1336.704084,4.704083999999997,6.320159999999998,independent
113,"1P/操作按钮2·倒角",south,444.112252,1336.704084,4.704084000000005,6.320159999999998,independent
113,"1P/操作按钮2·倒角",west,412,1336.704084,4.704083999999997,6.320159999999998,independent
113,"1P/操作按钮2·倒角",up,422.704084,1326,4.704084000000005,4.704083999999997,independent
113,"1P/操作按钮2·倒角",down,422.704084,1349.024244,4.704084000000005,4.704083999999997,independent
114,"1P/操作按钮2·倒角",north,463.704084,1336.704084,4.704084000000037,6.320159999999998,independent
114,"1P/操作按钮2·倒角",east,474.40816800000005,1336.704084,4.704083999999997,6.320159999999998,independent
114,"1P/操作按钮2·倒角",south,485.112252,1336.704084,4.704084000000037,6.320159999999998,independent
114,"1P/操作按钮2·倒角",west,453,1336.704084,4.704083999999997,6.320159999999998,independent
114,"1P/操作按钮2·倒角",up,463.704084,1326,4.704084000000037,4.704083999999997,independent
114,"1P/操作按钮2·倒角",down,463.704084,1349.024244,4.704084000000037,4.704083999999997,independent
115,"1P/操作按钮2·倒角",north,322.704084,1590.704084,4.704084000000005,6.320159999999998,independent
115,"1P/操作按钮2·倒角",east,333.408168,1590.704084,4.704084000000002,6.320159999999998,independent
115,"1P/操作按钮2·倒角",south,344.112252,1590.704084,4.704084000000005,6.320159999999998,independent
115,"1P/操作按钮2·倒角",west,312,1590.704084,4.704084000000002,6.320159999999998,independent
115,"1P/操作按钮2·倒角",up,322.704084,1580,4.704084000000005,4.704084000000002,independent
115,"1P/操作按钮2·倒角",down,322.704084,1603.024244,4.704084000000005,4.704084000000002,independent
116,"1P/操作按钮2·倒角",north,322.704084,1622.704084,4.704084000000037,6.320159999999998,independent
116,"1P/操作按钮2·倒角",east,333.40816800000005,1622.704084,4.704084000000002,6.320159999999998,independent
116,"1P/操作按钮2·倒角",south,344.112252,1622.704084,4.704084000000037,6.320159999999998,independent
116,"1P/操作按钮2·倒角",west,312,1622.704084,4.704084000000002,6.320159999999998,independent
116,"1P/操作按钮2·倒角",up,322.704084,1612,4.704084000000037,4.704084000000002,independent
116,"1P/操作按钮2·倒角",down,322.704084,1635.024244,4.704084000000037,4.704084000000002,independent
119,"1P/操作按钮3·倒角",north,363.704084,1590.704084,4.704084000000005,6.320159999999998,independent
119,"1P/操作按钮3·倒角",east,374.408168,1590.704084,4.704084000000002,6.320159999999998,independent
119,"1P/操作按钮3·倒角",south,385.112252,1590.704084,4.704084000000005,6.320159999999998,independent
119,"1P/操作按钮3·倒角",west,353,1590.704084,4.704084000000002,6.320159999999998,independent
119,"1P/操作按钮3·倒角",up,363.704084,1580,4.704084000000005,4.704084000000002,independent
119,"1P/操作按钮3·倒角",down,363.704084,1603.024244,4.704084000000005,4.704084000000002,independent
120,"1P/操作按钮3·倒角",north,363.704084,1622.704084,4.704084000000005,6.320159999999998,independent
120,"1P/操作按钮3·倒角",east,374.408168,1622.704084,4.704084000000002,6.320159999999998,independent
120,"1P/操作按钮3·倒角",south,385.112252,1622.704084,4.704084000000005,6.320159999999998,independent
120,"1P/操作按钮3·倒角",west,353,1622.704084,4.704084000000002,6.320159999999998,independent
120,"1P/操作按钮3·倒角",up,363.704084,1612,4.704084000000005,4.704084000000002,independent
120,"1P/操作按钮3·倒角",down,363.704084,1635.024244,4.704084000000005,4.704084000000002,independent
121,"1P/操作按钮3·倒角",north,368.704084,1540.704084,4.704084000000005,6.320159999999998,independent
121,"1P/操作按钮3·倒角",east,379.408168,1540.704084,4.704084000000002,6.320159999999998,independent
121,"1P/操作按钮3·倒角",south,390.112252,1540.704084,4.704084000000005,6.320159999999998,independent
121,"1P/操作按钮3·倒角",west,358,1540.704084,4.704084000000002,6.320159999999998,independent
121,"1P/操作按钮3·倒角",up,368.704084,1530,4.704084000000005,4.704084000000002,independent
121,"1P/操作按钮3·倒角",down,368.704084,1553.024244,4.704084000000005,4.704084000000002,independent
122,"1P/操作按钮3·倒角",north,404.704084,1572.704084,4.704084000000005,6.320159999999998,independent
122,"1P/操作按钮3·倒角",east,415.408168,1572.704084,4.704084000000002,6.320159999999998,independent
122,"1P/操作按钮3·倒角",south,426.112252,1572.704084,4.704084000000005,6.320159999999998,independent
122,"1P/操作按钮3·倒角",west,394,1572.704084,4.704084000000002,6.320159999999998,independent
122,"1P/操作按钮3·倒角",up,404.704084,1562,4.704084000000005,4.704084000000002,independent
122,"1P/操作按钮3·倒角",down,404.704084,1585.024244,4.704084000000005,4.704084000000002,independent
125,"1P/操作按钮4·倒角",north,409.704084,1540.704084,4.704084000000037,6.320159999999998,independent
125,"1P/操作按钮4·倒角",east,420.40816800000005,1540.704084,4.704084000000005,6.320159999999998,independent
125,"1P/操作按钮4·倒角",south,431.11225200000007,1540.704084,4.704084000000037,6.320159999999998,independent
125,"1P/操作按钮4·倒角",west,399,1540.704084,4.704084000000005,6.320159999999998,independent
125,"1P/操作按钮4·倒角",up,409.704084,1530,4.704084000000037,4.704084000000005,independent
125,"1P/操作按钮4·倒角",down,409.704084,1553.024244,4.704084000000037,4.704084000000005,independent
126,"1P/操作按钮4·倒角",north,411.704084,1483.704084,4.704084000000037,6.320159999999998,independent
126,"1P/操作按钮4·倒角",east,422.40816800000005,1483.704084,4.704084000000005,6.320159999999998,independent
126,"1P/操作按钮4·倒角",south,433.11225200000007,1483.704084,4.704084000000037,6.320159999999998,independent
126,"1P/操作按钮4·倒角",west,401,1483.704084,4.704084000000005,6.320159999999998,independent
126,"1P/操作按钮4·倒角",up,411.704084,1473,4.704084000000037,4.704084000000005,independent
126,"1P/操作按钮4·倒角",down,411.704084,1496.024244,4.704084000000037,4.704084000000005,independent
127,"1P/操作按钮4·倒角",north,419.704084,1435.704084,4.704084000000037,6.320159999999998,independent
127,"1P/操作按钮4·倒角",east,430.40816800000005,1435.704084,4.704084000000005,6.320159999999998,independent
127,"1P/操作按钮4·倒角",south,441.11225200000007,1435.704084,4.704084000000037,6.320159999999998,independent
127,"1P/操作按钮4·倒角",west,409,1435.704084,4.704084000000005,6.320159999999998,independent
127,"1P/操作按钮4·倒角",up,419.704084,1425,4.704084000000037,4.704084000000005,independent
127,"1P/操作按钮4·倒角",down,419.704084,1448.024244,4.704084000000037,4.704084000000005,independent
128,"1P/操作按钮4·倒角",north,423.704084,1400.704084,4.704084000000037,6.320159999999998,independent
128,"1P/操作按钮4·倒角",east,434.40816800000005,1400.704084,4.704084000000005,6.320159999999998,independent
128,"1P/操作按钮4·倒角",south,445.11225200000007,1400.704084,4.704084000000037,6.320159999999998,independent
128,"1P/操作按钮4·倒角",west,413,1400.704084,4.704084000000005,6.320159999999998,independent
128,"1P/操作按钮4·倒角",up,423.704084,1390,4.704084000000037,4.704084000000005,independent
128,"1P/操作按钮4·倒角",down,423.704084,1413.024244,4.704084000000037,4.704084000000005,independent
131,"1P/操作按钮5·倒角",north,427.704084,1368.704084,4.704084000000005,6.320159999999998,independent
131,"1P/操作按钮5·倒角",east,438.408168,1368.704084,4.704083999999997,6.320159999999998,independent
131,"1P/操作按钮5·倒角",south,449.112252,1368.704084,4.704084000000005,6.320159999999998,independent
131,"1P/操作按钮5·倒角",west,417,1368.704084,4.704083999999997,6.320159999999998,independent
131,"1P/操作按钮5·倒角",up,427.704084,1358,4.704084000000005,4.704083999999997,independent
131,"1P/操作按钮5·倒角",down,427.704084,1381.024244,4.704084000000005,4.704083999999997,independent
132,"1P/操作按钮5·倒角",north,468.704084,1368.704084,4.704084000000037,6.320159999999998,independent
132,"1P/操作按钮5·倒角",east,479.40816800000005,1368.704084,4.704083999999997,6.320159999999998,independent
132,"1P/操作按钮5·倒角",south,490.112252,1368.704084,4.704084000000037,6.320159999999998,independent
132,"1P/操作按钮5·倒角",west,458,1368.704084,4.704083999999997,6.320159999999998,independent
132,"1P/操作按钮5·倒角",up,468.704084,1358,4.704084000000037,4.704083999999997,independent
132,"1P/操作按钮5·倒角",down,468.704084,1381.024244,4.704084000000037,4.704083999999997,independent
133,"1P/操作按钮5·倒角",north,464.704084,1400.704084,4.704084000000005,6.320159999999998,independent
133,"1P/操作按钮5·倒角",east,475.408168,1400.704084,4.704084000000005,6.320159999999998,independent
133,"1P/操作按钮5·倒角",south,486.112252,1400.704084,4.704084000000005,6.320159999999998,independent
133,"1P/操作按钮5·倒角",west,454,1400.704084,4.704084000000005,6.320159999999998,independent
133,"1P/操作按钮5·倒角",up,464.704084,1390,4.704084000000005,4.704084000000005,independent
133,"1P/操作按钮5·倒角",down,464.704084,1413.024244,4.704084000000005,4.704084000000005,independent
134,"1P/操作按钮5·倒角",north,404.704084,1604.704084,4.704084000000037,6.320159999999998,independent
134,"1P/操作按钮5·倒角",east,415.40816800000005,1604.704084,4.704084000000005,6.320159999999998,independent
134,"1P/操作按钮5·倒角",south,426.11225200000007,1604.704084,4.704084000000037,6.320159999999998,independent
134,"1P/操作按钮5·倒角",west,394,1604.704084,4.704084000000005,6.320159999999998,independent
134,"1P/操作按钮5·倒角",up,404.704084,1594,4.704084000000037,4.704084000000005,independent
134,"1P/操作按钮5·倒角",down,404.704084,1617.024244,4.704084000000037,4.704084000000005,independent
137,"1P/操作按钮6·倒角",north,460.704084,1432.704084,4.704084000000005,6.320159999999998,independent
137,"1P/操作按钮6·倒角",east,471.408168,1432.704084,4.704084000000005,6.320159999999998,independent
137,"1P/操作按钮6·倒角",south,482.112252,1432.704084,4.704084000000005,6.320159999999998,independent
137,"1P/操作按钮6·倒角",west,450,1432.704084,4.704084000000005,6.320159999999998,independent
137,"1P/操作按钮6·倒角",up,460.704084,1422,4.704084000000005,4.704084000000005,independent
137,"1P/操作按钮6·倒角",down,460.704084,1445.024244,4.704084000000005,4.704084000000005,independent
138,"1P/操作按钮6·倒角",north,460.704084,1464.704084,4.704084000000005,6.320159999999998,independent
138,"1P/操作按钮6·倒角",east,471.408168,1464.704084,4.704084000000005,6.320159999999998,independent
138,"1P/操作按钮6·倒角",south,482.112252,1464.704084,4.704084000000005,6.320159999999998,independent
138,"1P/操作按钮6·倒角",west,450,1464.704084,4.704084000000005,6.320159999999998,independent
138,"1P/操作按钮6·倒角",up,460.704084,1454,4.704084000000005,4.704084000000005,independent
138,"1P/操作按钮6·倒角",down,460.704084,1477.024244,4.704084000000005,4.704084000000005,independent
139,"1P/操作按钮6·倒角",north,452.704084,1496.704084,4.704084000000005,6.320159999999998,independent
139,"1P/操作按钮6·倒角",east,463.408168,1496.704084,4.704084000000005,6.320159999999998,independent
139,"1P/操作按钮6·倒角",south,474.112252,1496.704084,4.704084000000005,6.320159999999998,independent
139,"1P/操作按钮6·倒角",west,442,1496.704084,4.704084000000005,6.320159999999998,independent
139,"1P/操作按钮6·倒角",up,452.704084,1486,4.704084000000005,4.704084000000005,independent
139,"1P/操作按钮6·倒角",down,452.704084,1509.024244,4.704084000000005,4.704084000000005,independent
140,"1P/操作按钮6·倒角",north,450.704084,1528.704084,4.704084000000005,6.320159999999998,independent
140,"1P/操作按钮6·倒角",east,461.408168,1528.704084,4.704084000000005,6.320159999999998,independent
140,"1P/操作按钮6·倒角",south,472.112252,1528.704084,4.704084000000005,6.320159999999998,independent
140,"1P/操作按钮6·倒角",west,440,1528.704084,4.704084000000005,6.320159999999998,independent
140,"1P/操作按钮6·倒角",up,450.704084,1518,4.704084000000005,4.704084000000005,independent
140,"1P/操作按钮6·倒角",down,450.704084,1541.024244,4.704084000000005,4.704084000000005,independent
95,"1P/摇杆握球顶面·倒角",north,493.060188,1496.060188,4.060188000000011,4.73615999999998,independent
95,"1P/摇杆握球顶面·倒角",east,503.120376,1496.060188,4.060188000000003,4.73615999999998,independent
95,"1P/摇杆握球顶面·倒角",south,513.180564,1496.060188,4.060188000000011,4.73615999999998,independent
95,"1P/摇杆握球顶面·倒角",west,483,1496.060188,4.060188000000003,4.73615999999998,independent
95,"1P/摇杆握球顶面·倒角",up,493.060188,1486,4.060188000000011,4.060188000000003,independent
95,"1P/摇杆握球顶面·倒角",down,493.060188,1506.796348,4.060188000000011,4.060188000000003,independent
96,"1P/摇杆握球顶面·倒角",north,493.060188,1525.060188,4.060188000000011,4.73615999999998,independent
96,"1P/摇杆握球顶面·倒角",east,503.120376,1525.060188,4.060188000000003,4.73615999999998,independent
96,"1P/摇杆握球顶面·倒角",south,513.180564,1525.060188,4.060188000000011,4.73615999999998,independent
96,"1P/摇杆握球顶面·倒角",west,483,1525.060188,4.060188000000003,4.73615999999998,independent
96,"1P/摇杆握球顶面·倒角",up,493.060188,1515,4.060188000000011,4.060188000000003,independent
96,"1P/摇杆握球顶面·倒角",down,493.060188,1535.796348,4.060188000000011,4.060188000000003,independent
97,"1P/摇杆握球顶面·倒角",north,404.060188,1636.060188,4.060188000000011,4.73615999999998,independent
97,"1P/摇杆握球顶面·倒角",east,414.120376,1636.060188,4.060187999999995,4.73615999999998,independent
97,"1P/摇杆握球顶面·倒角",south,424.180564,1636.060188,4.060188000000011,4.73615999999998,independent
97,"1P/摇杆握球顶面·倒角",west,394,1636.060188,4.060187999999995,4.73615999999998,independent
97,"1P/摇杆握球顶面·倒角",up,404.060188,1626,4.060188000000011,4.060187999999995,independent
97,"1P/摇杆握球顶面·倒角",down,404.060188,1646.796348,4.060188000000011,4.060187999999995,independent
98,"1P/摇杆握球顶面·倒角",north,443.060188,1636.060188,4.060188000000011,4.73615999999998,independent
98,"1P/摇杆握球顶面·倒角",east,453.120376,1636.060188,4.060187999999995,4.73615999999998,independent
98,"1P/摇杆握球顶面·倒角",south,463.180564,1636.060188,4.060188000000011,4.73615999999998,independent
98,"1P/摇杆握球顶面·倒角",west,433,1636.060188,4.060187999999995,4.73615999999998,independent
98,"1P/摇杆握球顶面·倒角",up,443.060188,1626,4.060188000000011,4.060187999999995,independent
98,"1P/摇杆握球顶面·倒角",down,443.060188,1646.796348,4.060188000000011,4.060187999999995,independent
101,"1P/摇杆握球下端·倒角",north,491.060188,1554.060188,4.060188000000011,4.736160000000012,independent
101,"1P/摇杆握球下端·倒角",east,501.120376,1554.060188,4.060188000000003,4.736160000000012,independent
101,"1P/摇杆握球下端·倒角",south,511.180564,1554.060188,4.060188000000011,4.736160000000012,independent
101,"1P/摇杆握球下端·倒角",west,481,1554.060188,4.060188000000003,4.736160000000012,independent
101,"1P/摇杆握球下端·倒角",up,491.060188,1544,4.060188000000011,4.060188000000003,independent
101,"1P/摇杆握球下端·倒角",down,491.060188,1564.796348,4.060188000000011,4.060188000000003,independent
102,"1P/摇杆握球下端·倒角",north,450.060188,1560.060188,4.060188000000011,4.736160000000012,independent
102,"1P/摇杆握球下端·倒角",east,460.120376,1560.060188,4.060188000000003,4.736160000000012,independent
102,"1P/摇杆握球下端·倒角",south,470.180564,1560.060188,4.060188000000011,4.736160000000012,independent
102,"1P/摇杆握球下端·倒角",west,440,1560.060188,4.060188000000003,4.736160000000012,independent
102,"1P/摇杆握球下端·倒角",up,450.060188,1550,4.060188000000011,4.060188000000003,independent
102,"1P/摇杆握球下端·倒角",down,450.060188,1570.796348,4.060188000000011,4.060188000000003,independent
103,"1P/摇杆握球下端·倒角",north,36.060188,1635.060188,4.060188000000011,4.736160000000012,independent
103,"1P/摇杆握球下端·倒角",east,46.12037600000001,1635.060188,4.060187999999995,4.736160000000012,independent
103,"1P/摇杆握球下端·倒角",south,56.180564000000004,1635.060188,4.060188000000011,4.736160000000012,independent
103,"1P/摇杆握球下端·倒角",west,26,1635.060188,4.060187999999995,4.736160000000012,independent
103,"1P/摇杆握球下端·倒角",up,36.060188,1625,4.060188000000011,4.060187999999995,independent
103,"1P/摇杆握球下端·倒角",down,36.060188,1645.796348,4.060188000000011,4.060187999999995,independent
104,"1P/摇杆握球下端·倒角",north,75.060188,1635.060188,4.060188000000011,4.736160000000012,independent
104,"1P/摇杆握球下端·倒角",east,85.12037600000001,1635.060188,4.060187999999995,4.736160000000012,independent
104,"1P/摇杆握球下端·倒角",south,95.180564,1635.060188,4.060188000000011,4.736160000000012,independent
104,"1P/摇杆握球下端·倒角",west,65,1635.060188,4.060187999999995,4.736160000000012,independent
104,"1P/摇杆握球下端·倒角",up,75.060188,1625,4.060188000000011,4.060187999999995,independent
104,"1P/摇杆握球下端·倒角",down,75.060188,1645.796348,4.060188000000011,4.060187999999995,independent
143,"1P/开始键·倒角",north,139.828232,1431.828232,2.828231999999929,4.14215999999999,independent
143,"1P/开始键·倒角",east,148.65646399999991,1431.828232,2.8282320000000007,4.14215999999999,independent
143,"1P/开始键·倒角",south,157.48469599999993,1431.828232,2.828231999999929,4.14215999999999,independent
143,"1P/开始键·倒角",west,131,1431.828232,2.8282320000000007,4.14215999999999,independent
143,"1P/开始键·倒角",up,139.828232,1423,2.828231999999929,2.8282320000000007,independent
143,"1P/开始键·倒角",down,139.828232,1441.970392,2.828231999999929,2.8282320000000007,independent
144,"1P/开始键·倒角",north,112.828232,1633.828232,2.828231999999929,4.14215999999999,independent
144,"1P/开始键·倒角",east,121.65646399999993,1633.828232,2.8282320000000007,4.14215999999999,independent
144,"1P/开始键·倒角",south,130.48469599999993,1633.828232,2.828231999999929,4.14215999999999,independent
144,"1P/开始键·倒角",west,104,1633.828232,2.8282320000000007,4.14215999999999,independent
144,"1P/开始键·倒角",up,112.828232,1625,2.828231999999929,2.8282320000000007,independent
144,"1P/开始键·倒角",down,112.828232,1643.970392,2.828231999999929,2.8282320000000007,independent
145,"1P/开始键·倒角",north,146.828232,1633.828232,2.828231999999929,4.14215999999999,independent
145,"1P/开始键·倒角",east,155.65646399999991,1633.828232,2.8282320000000007,4.14215999999999,independent
145,"1P/开始键·倒角",south,164.48469599999993,1633.828232,2.828231999999929,4.14215999999999,independent
145,"1P/开始键·倒角",west,138,1633.828232,2.8282320000000007,4.14215999999999,independent
145,"1P/开始键·倒角",up,146.828232,1625,2.828231999999929,2.8282320000000007,independent
145,"1P/开始键·倒角",down,146.828232,1643.970392,2.828231999999929,2.8282320000000007,independent
146,"1P/开始键·倒角",north,487.828232,1581.828232,2.828231999999929,4.14215999999999,independent
146,"1P/开始键·倒角",east,496.6564639999999,1581.828232,2.8282320000000007,4.14215999999999,independent
146,"1P/开始键·倒角",south,505.48469599999993,1581.828232,2.828231999999929,4.14215999999999,independent
146,"1P/开始键·倒角",west,479,1581.828232,2.8282320000000007,4.14215999999999,independent
146,"1P/开始键·倒角",up,487.828232,1573,2.828231999999929,2.8282320000000007,independent
146,"1P/开始键·倒角",down,487.828232,1591.970392,2.828231999999929,2.8282320000000007,independent
148,"2P/摇杆胶套·竖芯",north,577.74,1357.74,15.443999999999978,3.5560799999999873,independent
148,"2P/摇杆胶套·竖芯",east,599.184,1357.74,25.740000000000002,3.5560799999999873,independent
148,"2P/摇杆胶套·竖芯",south,630.924,1357.74,15.443999999999978,3.5560799999999873,independent
148,"2P/摇杆胶套·竖芯",west,546,1357.74,25.740000000000002,3.5560799999999873,independent
148,"2P/摇杆胶套·竖芯",up,577.74,1326,15.443999999999978,25.740000000000002,independent
148,"2P/摇杆胶套·竖芯",down,577.74,1367.29608,15.443999999999978,25.740000000000002,independent
147,"2P/摇杆胶套·横芯",north,567.444,1419.444,25.739999999999995,3.564000000000007,independent
147,"2P/摇杆胶套·横芯",east,599.184,1419.444,15.444000000000003,3.564000000000007,independent
147,"2P/摇杆胶套·横芯",south,620.628,1419.444,25.739999999999995,3.564000000000007,independent
147,"2P/摇杆胶套·横芯",west,546,1419.444,15.444000000000003,3.564000000000007,independent
147,"2P/摇杆胶套·横芯",up,567.444,1398,25.739999999999995,15.444000000000003,independent
147,"2P/摇杆胶套·横芯",down,567.444,1429.008,25.739999999999995,15.444000000000003,independent
155,"2P/摇杆握球中段·竖芯",north,572.196,1475.196,11.880000000000003,11.674079999999996,independent
155,"2P/摇杆握球中段·竖芯",east,590.076,1475.196,20.196000000000005,11.674079999999996,independent
155,"2P/摇杆握球中段·竖芯",south,616.272,1475.196,11.880000000000003,11.674079999999996,independent
155,"2P/摇杆握球中段·竖芯",west,546,1475.196,20.196000000000005,11.674079999999996,independent
155,"2P/摇杆握球中段·竖芯",up,572.196,1449,11.880000000000003,20.196000000000005,independent
155,"2P/摇杆握球中段·竖芯",down,572.196,1492.87008,11.880000000000003,20.196000000000005,independent
154,"2P/摇杆握球中段·横芯",north,563.88,1535.88,20.195999999999998,11.681999999999984,independent
154,"2P/摇杆握球中段·横芯",east,590.076,1535.88,11.879999999999995,11.681999999999984,independent
154,"2P/摇杆握球中段·横芯",south,607.956,1535.88,20.195999999999998,11.681999999999984,independent
154,"2P/摇杆握球中段·横芯",west,546,1535.88,11.879999999999995,11.681999999999984,independent
154,"2P/摇杆握球中段·横芯",up,563.88,1518,20.195999999999998,11.879999999999995,independent
154,"2P/摇杆握球中段·横芯",down,563.88,1553.562,20.195999999999998,11.879999999999995,independent
173,"2P/操作按钮1·竖芯",north,568.038,1592.038,9.385199999999998,6.328079999999986,independent
173,"2P/操作按钮1·竖芯",east,583.4232,1592.038,16.038,6.328079999999986,independent
173,"2P/操作按钮1·竖芯",south,605.4612,1592.038,9.385199999999998,6.328079999999986,independent
173,"2P/操作按钮1·竖芯",west,546,1592.038,16.038,6.328079999999986,independent
173,"2P/操作按钮1·竖芯",up,568.038,1570,9.385199999999998,16.038,independent
173,"2P/操作按钮1·竖芯",down,568.038,1604.36608,9.385199999999998,16.038,independent
179,"2P/操作按钮2·竖芯",north,641.038,1592.038,9.385199999999998,6.328079999999986,independent
179,"2P/操作按钮2·竖芯",east,656.4232,1592.038,16.038,6.328079999999986,independent
179,"2P/操作按钮2·竖芯",south,678.4612,1592.038,9.385199999999998,6.328079999999986,independent
179,"2P/操作按钮2·竖芯",west,619,1592.038,16.038,6.328079999999986,independent
179,"2P/操作按钮2·竖芯",up,641.038,1570,9.385199999999998,16.038,independent
179,"2P/操作按钮2·竖芯",down,641.038,1604.36608,9.385199999999998,16.038,independent
185,"2P/操作按钮3·竖芯",north,655.038,1471.038,9.385200000000005,6.328079999999986,independent
185,"2P/操作按钮3·竖芯",east,670.4232,1471.038,16.038,6.328079999999986,independent
185,"2P/操作按钮3·竖芯",south,692.4612,1471.038,9.385200000000005,6.328079999999986,independent
185,"2P/操作按钮3·竖芯",west,633,1471.038,16.038,6.328079999999986,independent
185,"2P/操作按钮3·竖芯",up,655.038,1449,9.385200000000005,16.038,independent
185,"2P/操作按钮3·竖芯",down,655.038,1483.36608,9.385200000000005,16.038,independent
191,"2P/操作按钮4·竖芯",north,655.038,1526.038,9.385199999999998,6.328079999999986,independent
191,"2P/操作按钮4·竖芯",east,670.4232,1526.038,16.038,6.328079999999986,independent
191,"2P/操作按钮4·竖芯",south,692.4612,1526.038,9.385199999999998,6.328079999999986,independent
191,"2P/操作按钮4·竖芯",west,633,1526.038,16.038,6.328079999999986,independent
191,"2P/操作按钮4·竖芯",up,655.038,1504,9.385199999999998,16.038,independent
191,"2P/操作按钮4·竖芯",down,655.038,1538.36608,9.385199999999998,16.038,independent
197,"2P/操作按钮5·竖芯",north,714.038,1581.038,9.385199999999998,6.328079999999986,independent
197,"2P/操作按钮5·竖芯",east,729.4232,1581.038,16.038,6.328079999999986,independent
197,"2P/操作按钮5·竖芯",south,751.4612,1581.038,9.385199999999998,6.328079999999986,independent
197,"2P/操作按钮5·竖芯",west,692,1581.038,16.038,6.328079999999986,independent
197,"2P/操作按钮5·竖芯",up,714.038,1559,9.385199999999998,16.038,independent
197,"2P/操作按钮5·竖芯",down,714.038,1593.36608,9.385199999999998,16.038,independent
203,"2P/操作按钮6·竖芯",north,673.038,1348.038,9.385200000000005,6.328079999999986,independent
203,"2P/操作按钮6·竖芯",east,688.4232,1348.038,16.038,6.328079999999986,independent
203,"2P/操作按钮6·竖芯",south,710.4612,1348.038,9.385200000000005,6.328079999999986,independent
203,"2P/操作按钮6·竖芯",west,651,1348.038,16.038,6.328079999999986,independent
203,"2P/操作按钮6·竖芯",up,673.038,1326,9.385200000000005,16.038,independent
203,"2P/操作按钮6·竖芯",down,673.038,1360.36608,9.385200000000005,16.038,independent
172,"2P/操作按钮1·横芯",north,707.3851999999999,1629.3852,16.038,6.336000000000006,independent
172,"2P/操作按钮1·横芯",east,729.4232,1629.3852,9.385199999999998,6.336000000000006,independent
172,"2P/操作按钮1·横芯",south,744.8084,1629.3852,16.038,6.336000000000006,independent
172,"2P/操作按钮1·横芯",west,692,1629.3852,9.385199999999998,6.336000000000006,independent
172,"2P/操作按钮1·横芯",up,707.3851999999999,1614,16.038,9.385199999999998,independent
172,"2P/操作按钮1·横芯",down,707.3851999999999,1641.7212,16.038,9.385199999999998,independent
178,"2P/操作按钮2·横芯",north,666.3852,1396.3852,16.038,6.336000000000006,independent
178,"2P/操作按钮2·横芯",east,688.4232,1396.3852,9.385200000000001,6.336000000000006,independent
178,"2P/操作按钮2·横芯",south,703.8084,1396.3852,16.038,6.336000000000006,independent
178,"2P/操作按钮2·横芯",west,651,1396.3852,9.385200000000001,6.336000000000006,independent
178,"2P/操作按钮2·横芯",up,666.3852,1381,16.038,9.385200000000001,independent
178,"2P/操作按钮2·横芯",down,666.3852,1408.7212,16.038,9.385200000000001,independent
184,"2P/操作按钮3·横芯",north,721.3851999999999,1438.3852,16.038,6.336000000000006,independent
184,"2P/操作按钮3·横芯",east,743.4232,1438.3852,9.385199999999998,6.336000000000006,independent
184,"2P/操作按钮3·横芯",south,758.8084,1438.3852,16.038,6.336000000000006,independent
184,"2P/操作按钮3·横芯",west,706,1438.3852,9.385199999999998,6.336000000000006,independent
184,"2P/操作按钮3·横芯",up,721.3851999999999,1423,16.038,9.385199999999998,independent
184,"2P/操作按钮3·横芯",down,721.3851999999999,1450.7212,16.038,9.385199999999998,independent
190,"2P/操作按钮4·横芯",north,721.3851999999999,1480.3852,16.038,6.336000000000006,independent
190,"2P/操作按钮4·横芯",east,743.4232,1480.3852,9.385199999999998,6.336000000000006,independent
190,"2P/操作按钮4·横芯",south,758.8084,1480.3852,16.038,6.336000000000006,independent
190,"2P/操作按钮4·横芯",west,706,1480.3852,9.385199999999998,6.336000000000006,independent
190,"2P/操作按钮4·横芯",up,721.3851999999999,1465,16.038,9.385199999999998,independent
190,"2P/操作按钮4·横芯",down,721.3851999999999,1492.7212,16.038,9.385199999999998,independent
196,"2P/操作按钮5·横芯",north,721.3851999999999,1522.3852,16.038,6.336000000000006,independent
196,"2P/操作按钮5·横芯",east,743.4232,1522.3852,9.385199999999998,6.336000000000006,independent
196,"2P/操作按钮5·横芯",south,758.8084,1522.3852,16.038,6.336000000000006,independent
196,"2P/操作按钮5·横芯",west,706,1522.3852,9.385199999999998,6.336000000000006,independent
196,"2P/操作按钮5·横芯",up,721.3851999999999,1507,16.038,9.385199999999998,independent
196,"2P/操作按钮5·横芯",down,721.3851999999999,1534.7212,16.038,9.385199999999998,independent
202,"2P/操作按钮6·横芯",north,739.3851999999999,1341.3852,16.038,6.336000000000006,independent
202,"2P/操作按钮6·横芯",east,761.4232,1341.3852,9.385199999999998,6.336000000000006,independent
202,"2P/操作按钮6·横芯",south,776.8084,1341.3852,16.038,6.336000000000006,independent
202,"2P/操作按钮6·横芯",west,724,1341.3852,9.385199999999998,6.336000000000006,independent
202,"2P/操作按钮6·横芯",up,739.3851999999999,1326,16.038,9.385199999999998,independent
202,"2P/操作按钮6·横芯",down,739.3851999999999,1353.7212,16.038,9.385199999999998,independent
161,"2P/摇杆握球顶面·竖芯",north,744.058,1388.058,8.316000000000027,4.74408,independent
161,"2P/摇杆握球顶面·竖芯",east,758.374,1388.058,14.058000000000003,4.74408,independent
161,"2P/摇杆握球顶面·竖芯",south,778.432,1388.058,8.316000000000027,4.74408,independent
161,"2P/摇杆握球顶面·竖芯",west,724,1388.058,14.058000000000003,4.74408,independent
161,"2P/摇杆握球顶面·竖芯",up,744.058,1368,8.316000000000027,14.058000000000003,independent
161,"2P/摇杆握球顶面·竖芯",down,744.058,1398.80208,8.316000000000027,14.058000000000003,independent
167,"2P/摇杆握球下端·竖芯",north,785.058,1569.058,8.316000000000027,4.74408,independent
167,"2P/摇杆握球下端·竖芯",east,799.374,1569.058,14.058000000000003,4.74408,independent
167,"2P/摇杆握球下端·竖芯",south,819.432,1569.058,8.316000000000027,4.74408,independent
167,"2P/摇杆握球下端·竖芯",west,765,1569.058,14.058000000000003,4.74408,independent
167,"2P/摇杆握球下端·竖芯",up,785.058,1549,8.316000000000027,14.058000000000003,independent
167,"2P/摇杆握球下端·竖芯",down,785.058,1579.80208,8.316000000000027,14.058000000000003,independent
160,"2P/摇杆握球顶面·横芯",north,779.316,1612.316,14.057999999999979,4.75200000000002,independent
160,"2P/摇杆握球顶面·横芯",east,799.374,1612.316,8.316000000000003,4.75200000000002,independent
160,"2P/摇杆握球顶面·横芯",south,813.6899999999999,1612.316,14.057999999999979,4.75200000000002,independent
160,"2P/摇杆握球顶面·横芯",west,765,1612.316,8.316000000000003,4.75200000000002,independent
160,"2P/摇杆握球顶面·横芯",up,779.316,1598,14.057999999999979,8.316000000000003,independent
160,"2P/摇杆握球顶面·横芯",down,779.316,1623.068,14.057999999999979,8.316000000000003,independent
166,"2P/摇杆握球下端·横芯",north,793.316,1431.316,14.057999999999979,4.751999999999988,independent
166,"2P/摇杆握球下端·横芯",east,813.374,1431.316,8.316000000000003,4.751999999999988,independent
166,"2P/摇杆握球下端·横芯",south,827.6899999999999,1431.316,14.057999999999979,4.751999999999988,independent
166,"2P/摇杆握球下端·横芯",west,779,1431.316,8.316000000000003,4.751999999999988,independent
166,"2P/摇杆握球下端·横芯",up,793.316,1417,14.057999999999979,8.316000000000003,independent
166,"2P/摇杆握球下端·横芯",down,793.316,1442.068,14.057999999999979,8.316000000000003,independent
209,"2P/开始键·竖芯",north,806.702,1383.702,5.7024000000000115,4.15008000000001,independent
209,"2P/开始键·竖芯",east,818.4044,1383.702,9.701999999999998,4.15008000000001,independent
209,"2P/开始键·竖芯",south,834.1064,1383.702,5.7024000000000115,4.15008000000001,independent
209,"2P/开始键·竖芯",west,791,1383.702,9.701999999999998,4.15008000000001,independent
209,"2P/开始键·竖芯",up,806.702,1368,5.7024000000000115,9.701999999999998,independent
209,"2P/开始键·竖芯",down,806.702,1393.8520800000001,5.7024000000000115,9.701999999999998,independent
208,"2P/开始键·横芯",north,808.7024,1337.7024,9.70200000000001,4.157999999999998,independent
208,"2P/开始键·横芯",east,824.4044,1337.7024,5.702399999999999,4.157999999999998,independent
208,"2P/开始键·横芯",south,836.1068,1337.7024,9.70200000000001,4.157999999999998,independent
208,"2P/开始键·横芯",west,797,1337.7024,5.702399999999999,4.157999999999998,independent
208,"2P/开始键·横芯",up,808.7024,1326,9.70200000000001,5.702399999999999,independent
208,"2P/开始键·横芯",down,808.7024,1347.8604,9.70200000000001,5.702399999999999,independent
149,"2P/摇杆胶套·倒角",north,857.28046,1371.28046,7.280459999999998,3.5481599999999993,independent
149,"2P/摇杆胶套·倒角",east,870.56092,1371.28046,7.280459999999998,3.5481599999999993,independent
149,"2P/摇杆胶套·倒角",south,883.84138,1371.28046,7.280459999999998,3.5481599999999993,independent
149,"2P/摇杆胶套·倒角",west,844,1371.28046,7.280459999999998,3.5481599999999993,independent
149,"2P/摇杆胶套·倒角",up,857.28046,1358,7.280459999999998,7.280459999999998,independent
149,"2P/摇杆胶套·倒角",down,857.28046,1380.82862,7.280459999999998,7.280459999999998,independent
150,"2P/摇杆胶套·倒角",north,792.28046,1468.28046,7.280459999999998,3.5481599999999993,independent
150,"2P/摇杆胶套·倒角",east,805.56092,1468.28046,7.280459999999998,3.5481599999999993,independent
150,"2P/摇杆胶套·倒角",south,818.84138,1468.28046,7.280459999999998,3.5481599999999993,independent
150,"2P/摇杆胶套·倒角",west,779,1468.28046,7.280459999999998,3.5481599999999993,independent
150,"2P/摇杆胶套·倒角",up,792.28046,1455,7.280459999999998,7.280459999999998,independent
150,"2P/摇杆胶套·倒角",down,792.28046,1477.82862,7.280459999999998,7.280459999999998,independent
151,"2P/摇杆胶套·倒角",north,792.28046,1503.28046,7.280459999999998,3.5481599999999993,independent
151,"2P/摇杆胶套·倒角",east,805.56092,1503.28046,7.280459999999998,3.5481599999999993,independent
151,"2P/摇杆胶套·倒角",south,818.84138,1503.28046,7.280459999999998,3.5481599999999993,independent
151,"2P/摇杆胶套·倒角",west,779,1503.28046,7.280459999999998,3.5481599999999993,independent
151,"2P/摇杆胶套·倒角",up,792.28046,1490,7.280459999999998,7.280459999999998,independent
151,"2P/摇杆胶套·倒角",down,792.28046,1512.82862,7.280459999999998,7.280459999999998,independent
152,"2P/摇杆胶套·倒角",north,844.28046,1468.28046,7.280459999999998,3.5481599999999993,independent
152,"2P/摇杆胶套·倒角",east,857.56092,1468.28046,7.280459999999998,3.5481599999999993,independent
152,"2P/摇杆胶套·倒角",south,870.84138,1468.28046,7.280459999999998,3.5481599999999993,independent
152,"2P/摇杆胶套·倒角",west,831,1468.28046,7.280459999999998,3.5481599999999993,independent
152,"2P/摇杆胶套·倒角",up,844.28046,1455,7.280459999999998,7.280459999999998,independent
152,"2P/摇杆胶套·倒角",down,844.28046,1477.82862,7.280459999999998,7.280459999999998,independent
153,"2P/摇杆金属杆",north,842.346,1501.346,5.345999999999979,22.76999999999998,independent
153,"2P/摇杆金属杆",east,853.692,1501.346,5.346000000000003,22.76999999999998,independent
153,"2P/摇杆金属杆",south,865.038,1501.346,5.345999999999979,22.76999999999998,independent
153,"2P/摇杆金属杆",west,831,1501.346,5.346000000000003,22.76999999999998,independent
153,"2P/摇杆金属杆",up,842.346,1490,5.345999999999979,5.346000000000003,independent
153,"2P/摇杆金属杆",down,842.346,1530.116,5.345999999999979,5.346000000000003,independent
156,"2P/摇杆握球中段·倒角",north,857.880204,1404.880204,5.880203999999988,11.666160000000009,independent
156,"2P/摇杆握球中段·倒角",east,869.760408,1404.880204,5.880203999999996,11.666160000000009,independent
156,"2P/摇杆握球中段·倒角",south,881.640612,1404.880204,5.880203999999988,11.666160000000009,independent
156,"2P/摇杆握球中段·倒角",west,846,1404.880204,5.880203999999996,11.666160000000009,independent
156,"2P/摇杆握球中段·倒角",up,857.880204,1393,5.880203999999988,5.880203999999996,independent
156,"2P/摇杆握球中段·倒角",down,857.880204,1422.546364,5.880203999999988,5.880203999999996,independent
157,"2P/摇杆握球中段·倒角",north,843.880204,1551.880204,5.880203999999988,11.666160000000009,independent
157,"2P/摇杆握球中段·倒角",east,855.760408,1551.880204,5.880203999999996,11.666160000000009,independent
157,"2P/摇杆握球中段·倒角",south,867.640612,1551.880204,5.880203999999988,11.666160000000009,independent
157,"2P/摇杆握球中段·倒角",west,832,1551.880204,5.880203999999996,11.666160000000009,independent
157,"2P/摇杆握球中段·倒角",up,843.880204,1540,5.880203999999988,5.880203999999996,independent
157,"2P/摇杆握球中段·倒角",down,843.880204,1569.546364,5.880203999999988,5.880203999999996,independent
158,"2P/摇杆握球中段·倒角",north,886.880204,1501.880204,5.880203999999988,11.666160000000009,independent
158,"2P/摇杆握球中段·倒角",east,898.760408,1501.880204,5.880203999999996,11.666160000000009,independent
158,"2P/摇杆握球中段·倒角",south,910.640612,1501.880204,5.880203999999988,11.666160000000009,independent
158,"2P/摇杆握球中段·倒角",west,875,1501.880204,5.880203999999996,11.666160000000009,independent
158,"2P/摇杆握球中段·倒角",up,886.880204,1490,5.880203999999988,5.880203999999996,independent
158,"2P/摇杆握球中段·倒角",down,886.880204,1519.546364,5.880203999999988,5.880203999999996,independent
159,"2P/摇杆握球中段·倒角",north,894.880204,1444.880204,5.880203999999988,11.666160000000009,independent
159,"2P/摇杆握球中段·倒角",east,906.760408,1444.880204,5.880203999999996,11.666160000000009,independent
159,"2P/摇杆握球中段·倒角",south,918.640612,1444.880204,5.880203999999988,11.666160000000009,independent
159,"2P/摇杆握球中段·倒角",west,883,1444.880204,5.880203999999996,11.666160000000009,independent
159,"2P/摇杆握球中段·倒角",up,894.880204,1433,5.880203999999988,5.880203999999996,independent
159,"2P/摇杆握球中段·倒角",down,894.880204,1462.546364,5.880203999999988,5.880203999999996,independent
174,"2P/操作按钮1·倒角",north,860.704084,1336.704084,4.704083999999989,6.320159999999998,independent
174,"2P/操作按钮1·倒角",east,871.4081679999999,1336.704084,4.704084000000002,6.320159999999998,independent
174,"2P/操作按钮1·倒角",south,882.112252,1336.704084,4.704083999999989,6.320159999999998,independent
174,"2P/操作按钮1·倒角",west,850,1336.704084,4.704084000000002,6.320159999999998,independent
174,"2P/操作按钮1·倒角",up,860.704084,1326,4.704083999999989,4.704084000000002,independent
174,"2P/操作按钮1·倒角",down,860.704084,1349.024244,4.704083999999989,4.704084000000002,independent
175,"2P/操作按钮1·倒角",north,901.704084,1336.704084,4.704084000000005,6.320159999999998,independent
175,"2P/操作按钮1·倒角",east,912.408168,1336.704084,4.704084000000002,6.320159999999998,independent
175,"2P/操作按钮1·倒角",south,923.112252,1336.704084,4.704084000000005,6.320159999999998,independent
175,"2P/操作按钮1·倒角",west,891,1336.704084,4.704084000000002,6.320159999999998,independent
175,"2P/操作按钮1·倒角",up,901.704084,1326,4.704084000000005,4.704084000000002,independent
175,"2P/操作按钮1·倒角",down,901.704084,1349.024244,4.704084000000005,4.704084000000002,independent
176,"2P/操作按钮1·倒角",north,902.704084,1403.704084,4.704083999999989,6.320159999999998,independent
176,"2P/操作按钮1·倒角",east,913.4081679999999,1403.704084,4.704084000000002,6.320159999999998,independent
176,"2P/操作按钮1·倒角",south,924.112252,1403.704084,4.704083999999989,6.320159999999998,independent
176,"2P/操作按钮1·倒角",west,892,1403.704084,4.704084000000002,6.320159999999998,independent
176,"2P/操作按钮1·倒角",up,902.704084,1393,4.704083999999989,4.704084000000002,independent
176,"2P/操作按钮1·倒角",down,902.704084,1416.024244,4.704083999999989,4.704084000000002,independent
177,"2P/操作按钮1·倒角",north,906.704084,1368.704084,4.704084000000005,6.320159999999998,independent
177,"2P/操作按钮1·倒角",east,917.408168,1368.704084,4.704084000000002,6.320159999999998,independent
177,"2P/操作按钮1·倒角",south,928.112252,1368.704084,4.704084000000005,6.320159999999998,independent
177,"2P/操作按钮1·倒角",west,896,1368.704084,4.704084000000002,6.320159999999998,independent
177,"2P/操作按钮1·倒角",up,906.704084,1358,4.704084000000005,4.704084000000002,independent
177,"2P/操作按钮1·倒角",down,906.704084,1381.024244,4.704084000000005,4.704084000000002,independent
180,"2P/操作按钮2·倒角",north,942.704084,1336.704084,4.704084000000005,6.320159999999998,independent
180,"2P/操作按钮2·倒角",east,953.408168,1336.704084,4.704083999999997,6.320159999999998,independent
180,"2P/操作按钮2·倒角",south,964.112252,1336.704084,4.704084000000005,6.320159999999998,independent
180,"2P/操作按钮2·倒角",west,932,1336.704084,4.704083999999997,6.320159999999998,independent
180,"2P/操作按钮2·倒角",up,942.704084,1326,4.704084000000005,4.704083999999997,independent
180,"2P/操作按钮2·倒角",down,942.704084,1349.024244,4.704084000000005,4.704083999999997,independent
181,"2P/操作按钮2·倒角",north,983.704084,1336.704084,4.704084000000005,6.320159999999998,independent
181,"2P/操作按钮2·倒角",east,994.408168,1336.704084,4.704083999999997,6.320159999999998,independent
181,"2P/操作按钮2·倒角",south,1005.112252,1336.704084,4.704084000000005,6.320159999999998,independent
181,"2P/操作按钮2·倒角",west,973,1336.704084,4.704083999999997,6.320159999999998,independent
181,"2P/操作按钮2·倒角",up,983.704084,1326,4.704084000000005,4.704083999999997,independent
181,"2P/操作按钮2·倒角",down,983.704084,1349.024244,4.704084000000005,4.704083999999997,independent
182,"2P/操作按钮2·倒角",north,842.704084,1590.704084,4.704084000000005,6.320159999999998,independent
182,"2P/操作按钮2·倒角",east,853.408168,1590.704084,4.704084000000002,6.320159999999998,independent
182,"2P/操作按钮2·倒角",south,864.112252,1590.704084,4.704084000000005,6.320159999999998,independent
182,"2P/操作按钮2·倒角",west,832,1590.704084,4.704084000000002,6.320159999999998,independent
182,"2P/操作按钮2·倒角",up,842.704084,1580,4.704084000000005,4.704084000000002,independent
182,"2P/操作按钮2·倒角",down,842.704084,1603.024244,4.704084000000005,4.704084000000002,independent
183,"2P/操作按钮2·倒角",north,842.704084,1622.704084,4.704084000000005,6.320159999999998,independent
183,"2P/操作按钮2·倒角",east,853.408168,1622.704084,4.704084000000002,6.320159999999998,independent
183,"2P/操作按钮2·倒角",south,864.112252,1622.704084,4.704084000000005,6.320159999999998,independent
183,"2P/操作按钮2·倒角",west,832,1622.704084,4.704084000000002,6.320159999999998,independent
183,"2P/操作按钮2·倒角",up,842.704084,1612,4.704084000000005,4.704084000000002,independent
183,"2P/操作按钮2·倒角",down,842.704084,1635.024244,4.704084000000005,4.704084000000002,independent
186,"2P/操作按钮3·倒角",north,883.704084,1590.704084,4.704083999999997,6.320159999999998,independent
186,"2P/操作按钮3·倒角",east,894.408168,1590.704084,4.704084000000002,6.320159999999998,independent
186,"2P/操作按钮3·倒角",south,905.112252,1590.704084,4.704083999999997,6.320159999999998,independent
186,"2P/操作按钮3·倒角",west,873,1590.704084,4.704084000000002,6.320159999999998,independent
186,"2P/操作按钮3·倒角",up,883.704084,1580,4.704083999999997,4.704084000000002,independent
186,"2P/操作按钮3·倒角",down,883.704084,1603.024244,4.704083999999997,4.704084000000002,independent
187,"2P/操作按钮3·倒角",north,883.704084,1622.704084,4.704083999999997,6.320159999999998,independent
187,"2P/操作按钮3·倒角",east,894.408168,1622.704084,4.704084000000002,6.320159999999998,independent
187,"2P/操作按钮3·倒角",south,905.112252,1622.704084,4.704083999999997,6.320159999999998,independent
187,"2P/操作按钮3·倒角",west,873,1622.704084,4.704084000000002,6.320159999999998,independent
187,"2P/操作按钮3·倒角",up,883.704084,1612,4.704083999999997,4.704084000000002,independent
187,"2P/操作按钮3·倒角",down,883.704084,1635.024244,4.704083999999997,4.704084000000002,independent
188,"2P/操作按钮3·倒角",north,888.704084,1540.704084,4.704083999999997,6.320159999999998,independent
188,"2P/操作按钮3·倒角",east,899.408168,1540.704084,4.704084000000002,6.320159999999998,independent
188,"2P/操作按钮3·倒角",south,910.112252,1540.704084,4.704083999999997,6.320159999999998,independent
188,"2P/操作按钮3·倒角",west,878,1540.704084,4.704084000000002,6.320159999999998,independent
188,"2P/操作按钮3·倒角",up,888.704084,1530,4.704083999999997,4.704084000000002,independent
188,"2P/操作按钮3·倒角",down,888.704084,1553.024244,4.704083999999997,4.704084000000002,independent
189,"2P/操作按钮3·倒角",north,924.704084,1572.704084,4.704083999999997,6.320159999999998,independent
189,"2P/操作按钮3·倒角",east,935.408168,1572.704084,4.704084000000002,6.320159999999998,independent
189,"2P/操作按钮3·倒角",south,946.112252,1572.704084,4.704083999999997,6.320159999999998,independent
189,"2P/操作按钮3·倒角",west,914,1572.704084,4.704084000000002,6.320159999999998,independent
189,"2P/操作按钮3·倒角",up,924.704084,1562,4.704083999999997,4.704084000000002,independent
189,"2P/操作按钮3·倒角",down,924.704084,1585.024244,4.704083999999997,4.704084000000002,independent
192,"2P/操作按钮4·倒角",north,929.704084,1540.704084,4.704083999999989,6.320159999999998,independent
192,"2P/操作按钮4·倒角",east,940.408168,1540.704084,4.704084000000005,6.320159999999998,independent
192,"2P/操作按钮4·倒角",south,951.112252,1540.704084,4.704083999999989,6.320159999999998,independent
192,"2P/操作按钮4·倒角",west,919,1540.704084,4.704084000000005,6.320159999999998,independent
192,"2P/操作按钮4·倒角",up,929.704084,1530,4.704083999999989,4.704084000000005,independent
192,"2P/操作按钮4·倒角",down,929.704084,1553.024244,4.704083999999989,4.704084000000005,independent
193,"2P/操作按钮4·倒角",north,931.704084,1483.704084,4.704084000000005,6.320159999999998,independent
193,"2P/操作按钮4·倒角",east,942.408168,1483.704084,4.704084000000005,6.320159999999998,independent
193,"2P/操作按钮4·倒角",south,953.112252,1483.704084,4.704084000000005,6.320159999999998,independent
193,"2P/操作按钮4·倒角",west,921,1483.704084,4.704084000000005,6.320159999999998,independent
193,"2P/操作按钮4·倒角",up,931.704084,1473,4.704084000000005,4.704084000000005,independent
193,"2P/操作按钮4·倒角",down,931.704084,1496.024244,4.704084000000005,4.704084000000005,independent
194,"2P/操作按钮4·倒角",north,939.704084,1435.704084,4.704083999999989,6.320159999999998,independent
194,"2P/操作按钮4·倒角",east,950.408168,1435.704084,4.704084000000005,6.320159999999998,independent
194,"2P/操作按钮4·倒角",south,961.112252,1435.704084,4.704083999999989,6.320159999999998,independent
194,"2P/操作按钮4·倒角",west,929,1435.704084,4.704084000000005,6.320159999999998,independent
194,"2P/操作按钮4·倒角",up,939.704084,1425,4.704083999999989,4.704084000000005,independent
194,"2P/操作按钮4·倒角",down,939.704084,1448.024244,4.704083999999989,4.704084000000005,independent
195,"2P/操作按钮4·倒角",north,943.704084,1400.704084,4.704084000000005,6.320159999999998,independent
195,"2P/操作按钮4·倒角",east,954.408168,1400.704084,4.704084000000005,6.320159999999998,independent
195,"2P/操作按钮4·倒角",south,965.112252,1400.704084,4.704084000000005,6.320159999999998,independent
195,"2P/操作按钮4·倒角",west,933,1400.704084,4.704084000000005,6.320159999999998,independent
195,"2P/操作按钮4·倒角",up,943.704084,1390,4.704084000000005,4.704084000000005,independent
195,"2P/操作按钮4·倒角",down,943.704084,1413.024244,4.704084000000005,4.704084000000005,independent
198,"2P/操作按钮5·倒角",north,947.704084,1368.704084,4.704084000000005,6.320159999999998,independent
198,"2P/操作按钮5·倒角",east,958.408168,1368.704084,4.704083999999997,6.320159999999998,independent
198,"2P/操作按钮5·倒角",south,969.112252,1368.704084,4.704084000000005,6.320159999999998,independent
198,"2P/操作按钮5·倒角",west,937,1368.704084,4.704083999999997,6.320159999999998,independent
198,"2P/操作按钮5·倒角",up,947.704084,1358,4.704084000000005,4.704083999999997,independent
198,"2P/操作按钮5·倒角",down,947.704084,1381.024244,4.704084000000005,4.704083999999997,independent
199,"2P/操作按钮5·倒角",north,988.704084,1368.704084,4.704084000000005,6.320159999999998,independent
199,"2P/操作按钮5·倒角",east,999.408168,1368.704084,4.704083999999997,6.320159999999998,independent
199,"2P/操作按钮5·倒角",south,1010.112252,1368.704084,4.704084000000005,6.320159999999998,independent
199,"2P/操作按钮5·倒角",west,978,1368.704084,4.704083999999997,6.320159999999998,independent
199,"2P/操作按钮5·倒角",up,988.704084,1358,4.704084000000005,4.704083999999997,independent
199,"2P/操作按钮5·倒角",down,988.704084,1381.024244,4.704084000000005,4.704083999999997,independent
200,"2P/操作按钮5·倒角",north,984.704084,1400.704084,4.704084000000005,6.320159999999998,independent
200,"2P/操作按钮5·倒角",east,995.408168,1400.704084,4.704084000000005,6.320159999999998,independent
200,"2P/操作按钮5·倒角",south,1006.112252,1400.704084,4.704084000000005,6.320159999999998,independent
200,"2P/操作按钮5·倒角",west,974,1400.704084,4.704084000000005,6.320159999999998,independent
200,"2P/操作按钮5·倒角",up,984.704084,1390,4.704084000000005,4.704084000000005,independent
200,"2P/操作按钮5·倒角",down,984.704084,1413.024244,4.704084000000005,4.704084000000005,independent
201,"2P/操作按钮5·倒角",north,924.704084,1604.704084,4.704084000000005,6.320159999999998,independent
201,"2P/操作按钮5·倒角",east,935.408168,1604.704084,4.704084000000005,6.320159999999998,independent
201,"2P/操作按钮5·倒角",south,946.112252,1604.704084,4.704084000000005,6.320159999999998,independent
201,"2P/操作按钮5·倒角",west,914,1604.704084,4.704084000000005,6.320159999999998,independent
201,"2P/操作按钮5·倒角",up,924.704084,1594,4.704084000000005,4.704084000000005,independent
201,"2P/操作按钮5·倒角",down,924.704084,1617.024244,4.704084000000005,4.704084000000005,independent
204,"2P/操作按钮6·倒角",north,980.704084,1432.704084,4.704083999999997,6.320159999999998,independent
204,"2P/操作按钮6·倒角",east,991.408168,1432.704084,4.704084000000005,6.320159999999998,independent
204,"2P/操作按钮6·倒角",south,1002.112252,1432.704084,4.704083999999997,6.320159999999998,independent
204,"2P/操作按钮6·倒角",west,970,1432.704084,4.704084000000005,6.320159999999998,independent
204,"2P/操作按钮6·倒角",up,980.704084,1422,4.704083999999997,4.704084000000005,independent
204,"2P/操作按钮6·倒角",down,980.704084,1445.024244,4.704083999999997,4.704084000000005,independent
205,"2P/操作按钮6·倒角",north,980.704084,1464.704084,4.704083999999997,6.320159999999998,independent
205,"2P/操作按钮6·倒角",east,991.408168,1464.704084,4.704084000000005,6.320159999999998,independent
205,"2P/操作按钮6·倒角",south,1002.112252,1464.704084,4.704083999999997,6.320159999999998,independent
205,"2P/操作按钮6·倒角",west,970,1464.704084,4.704084000000005,6.320159999999998,independent
205,"2P/操作按钮6·倒角",up,980.704084,1454,4.704083999999997,4.704084000000005,independent
205,"2P/操作按钮6·倒角",down,980.704084,1477.024244,4.704083999999997,4.704084000000005,independent
206,"2P/操作按钮6·倒角",north,972.704084,1496.704084,4.704083999999997,6.320159999999998,independent
206,"2P/操作按钮6·倒角",east,983.408168,1496.704084,4.704084000000005,6.320159999999998,independent
206,"2P/操作按钮6·倒角",south,994.112252,1496.704084,4.704083999999997,6.320159999999998,independent
206,"2P/操作按钮6·倒角",west,962,1496.704084,4.704084000000005,6.320159999999998,independent
206,"2P/操作按钮6·倒角",up,972.704084,1486,4.704083999999997,4.704084000000005,independent
206,"2P/操作按钮6·倒角",down,972.704084,1509.024244,4.704083999999997,4.704084000000005,independent
207,"2P/操作按钮6·倒角",north,970.704084,1528.704084,4.704083999999997,6.320159999999998,independent
207,"2P/操作按钮6·倒角",east,981.408168,1528.704084,4.704084000000005,6.320159999999998,independent
207,"2P/操作按钮6·倒角",south,992.112252,1528.704084,4.704083999999997,6.320159999999998,independent
207,"2P/操作按钮6·倒角",west,960,1528.704084,4.704084000000005,6.320159999999998,independent
207,"2P/操作按钮6·倒角",up,970.704084,1518,4.704083999999997,4.704084000000005,independent
207,"2P/操作按钮6·倒角",down,970.704084,1541.024244,4.704083999999997,4.704084000000005,independent
162,"2P/摇杆握球顶面·倒角",north,1013.060188,1496.060188,4.060187999999979,4.73615999999998,independent
162,"2P/摇杆握球顶面·倒角",east,1023.120376,1496.060188,4.060188000000003,4.73615999999998,independent
162,"2P/摇杆握球顶面·倒角",south,1033.180564,1496.060188,4.060187999999979,4.73615999999998,independent
162,"2P/摇杆握球顶面·倒角",west,1003,1496.060188,4.060188000000003,4.73615999999998,independent
162,"2P/摇杆握球顶面·倒角",up,1013.060188,1486,4.060187999999979,4.060188000000003,independent
162,"2P/摇杆握球顶面·倒角",down,1013.060188,1506.796348,4.060187999999979,4.060188000000003,independent
163,"2P/摇杆握球顶面·倒角",north,1013.060188,1525.060188,4.060187999999979,4.73615999999998,independent
163,"2P/摇杆握球顶面·倒角",east,1023.120376,1525.060188,4.060188000000003,4.73615999999998,independent
163,"2P/摇杆握球顶面·倒角",south,1033.180564,1525.060188,4.060187999999979,4.73615999999998,independent
163,"2P/摇杆握球顶面·倒角",west,1003,1525.060188,4.060188000000003,4.73615999999998,independent
163,"2P/摇杆握球顶面·倒角",up,1013.060188,1515,4.060187999999979,4.060188000000003,independent
163,"2P/摇杆握球顶面·倒角",down,1013.060188,1535.796348,4.060187999999979,4.060188000000003,independent
164,"2P/摇杆握球顶面·倒角",north,924.060188,1636.060188,4.060187999999979,4.73615999999998,independent
164,"2P/摇杆握球顶面·倒角",east,934.120376,1636.060188,4.060187999999995,4.73615999999998,independent
164,"2P/摇杆握球顶面·倒角",south,944.180564,1636.060188,4.060187999999979,4.73615999999998,independent
164,"2P/摇杆握球顶面·倒角",west,914,1636.060188,4.060187999999995,4.73615999999998,independent
164,"2P/摇杆握球顶面·倒角",up,924.060188,1626,4.060187999999979,4.060187999999995,independent
164,"2P/摇杆握球顶面·倒角",down,924.060188,1646.796348,4.060187999999979,4.060187999999995,independent
165,"2P/摇杆握球顶面·倒角",north,963.060188,1636.060188,4.060187999999979,4.73615999999998,independent
165,"2P/摇杆握球顶面·倒角",east,973.120376,1636.060188,4.060187999999995,4.73615999999998,independent
165,"2P/摇杆握球顶面·倒角",south,983.180564,1636.060188,4.060187999999979,4.73615999999998,independent
165,"2P/摇杆握球顶面·倒角",west,953,1636.060188,4.060187999999995,4.73615999999998,independent
165,"2P/摇杆握球顶面·倒角",up,963.060188,1626,4.060187999999979,4.060187999999995,independent
165,"2P/摇杆握球顶面·倒角",down,963.060188,1646.796348,4.060187999999979,4.060187999999995,independent
168,"2P/摇杆握球下端·倒角",north,1011.060188,1554.060188,4.060187999999979,4.736160000000012,independent
168,"2P/摇杆握球下端·倒角",east,1021.120376,1554.060188,4.060188000000003,4.736160000000012,independent
168,"2P/摇杆握球下端·倒角",south,1031.180564,1554.060188,4.060187999999979,4.736160000000012,independent
168,"2P/摇杆握球下端·倒角",west,1001,1554.060188,4.060188000000003,4.736160000000012,independent
168,"2P/摇杆握球下端·倒角",up,1011.060188,1544,4.060187999999979,4.060188000000003,independent
168,"2P/摇杆握球下端·倒角",down,1011.060188,1564.796348,4.060187999999979,4.060188000000003,independent
169,"2P/摇杆握球下端·倒角",north,970.060188,1560.060188,4.060187999999979,4.736160000000012,independent
169,"2P/摇杆握球下端·倒角",east,980.120376,1560.060188,4.060188000000003,4.736160000000012,independent
169,"2P/摇杆握球下端·倒角",south,990.180564,1560.060188,4.060187999999979,4.736160000000012,independent
169,"2P/摇杆握球下端·倒角",west,960,1560.060188,4.060188000000003,4.736160000000012,independent
169,"2P/摇杆握球下端·倒角",up,970.060188,1550,4.060187999999979,4.060188000000003,independent
169,"2P/摇杆握球下端·倒角",down,970.060188,1570.796348,4.060187999999979,4.060188000000003,independent
170,"2P/摇杆握球下端·倒角",north,556.060188,1635.060188,4.060187999999979,4.736160000000012,independent
170,"2P/摇杆握球下端·倒角",east,566.120376,1635.060188,4.060187999999995,4.736160000000012,independent
170,"2P/摇杆握球下端·倒角",south,576.180564,1635.060188,4.060187999999979,4.736160000000012,independent
170,"2P/摇杆握球下端·倒角",west,546,1635.060188,4.060187999999995,4.736160000000012,independent
170,"2P/摇杆握球下端·倒角",up,556.060188,1625,4.060187999999979,4.060187999999995,independent
170,"2P/摇杆握球下端·倒角",down,556.060188,1645.796348,4.060187999999979,4.060187999999995,independent
171,"2P/摇杆握球下端·倒角",north,595.060188,1635.060188,4.060187999999979,4.736160000000012,independent
171,"2P/摇杆握球下端·倒角",east,605.120376,1635.060188,4.060187999999995,4.736160000000012,independent
171,"2P/摇杆握球下端·倒角",south,615.180564,1635.060188,4.060187999999979,4.736160000000012,independent
171,"2P/摇杆握球下端·倒角",west,585,1635.060188,4.060187999999995,4.736160000000012,independent
171,"2P/摇杆握球下端·倒角",up,595.060188,1625,4.060187999999979,4.060187999999995,independent
171,"2P/摇杆握球下端·倒角",down,595.060188,1645.796348,4.060187999999979,4.060187999999995,independent
210,"2P/开始键·倒角",north,659.828232,1431.828232,2.8282319999999928,4.14215999999999,independent
210,"2P/开始键·倒角",east,668.656464,1431.828232,2.8282320000000007,4.14215999999999,independent
210,"2P/开始键·倒角",south,677.484696,1431.828232,2.8282319999999928,4.14215999999999,independent
210,"2P/开始键·倒角",west,651,1431.828232,2.8282320000000007,4.14215999999999,independent
210,"2P/开始键·倒角",up,659.828232,1423,2.8282319999999928,2.8282320000000007,independent
210,"2P/开始键·倒角",down,659.828232,1441.970392,2.8282319999999928,2.8282320000000007,independent
211,"2P/开始键·倒角",north,632.828232,1633.828232,2.8282320000000087,4.14215999999999,independent
211,"2P/开始键·倒角",east,641.656464,1633.828232,2.8282320000000007,4.14215999999999,independent
211,"2P/开始键·倒角",south,650.484696,1633.828232,2.8282320000000087,4.14215999999999,independent
211,"2P/开始键·倒角",west,624,1633.828232,2.8282320000000007,4.14215999999999,independent
211,"2P/开始键·倒角",up,632.828232,1625,2.8282320000000087,2.8282320000000007,independent
211,"2P/开始键·倒角",down,632.828232,1643.970392,2.8282320000000087,2.8282320000000007,independent
212,"2P/开始键·倒角",north,666.828232,1633.828232,2.8282319999999928,4.14215999999999,independent
212,"2P/开始键·倒角",east,675.656464,1633.828232,2.8282320000000007,4.14215999999999,independent
212,"2P/开始键·倒角",south,684.484696,1633.828232,2.8282319999999928,4.14215999999999,independent
212,"2P/开始键·倒角",west,658,1633.828232,2.8282320000000007,4.14215999999999,independent
212,"2P/开始键·倒角",up,666.828232,1625,2.8282319999999928,2.8282320000000007,independent
212,"2P/开始键·倒角",down,666.828232,1643.970392,2.8282319999999928,2.8282320000000007,independent
213,"2P/开始键·倒角",north,1007.828232,1581.828232,2.8282320000000087,4.14215999999999,independent
213,"2P/开始键·倒角",east,1016.656464,1581.828232,2.8282320000000007,4.14215999999999,independent
213,"2P/开始键·倒角",south,1025.484696,1581.828232,2.8282320000000087,4.14215999999999,independent
213,"2P/开始键·倒角",west,999,1581.828232,2.8282320000000007,4.14215999999999,independent
213,"2P/开始键·倒角",up,1007.828232,1573,2.8282320000000087,2.8282320000000007,independent
213,"2P/开始键·倒角",down,1007.828232,1591.970392,2.8282320000000087,2.8282320000000007,independent
1,"落地底座",north,78.6,1750.6,94.63999999999999,3,independent
1,"落地底座",east,179.23999999999998,1750.6,46.6,3,independent
1,"落地底座",south,231.83999999999997,1750.6,94.63999999999999,3,independent
1,"落地底座",west,26,1750.6,46.6,3,independent
1,"落地底座",up,78.6,1698,94.63999999999999,46.6,independent
1,"落地底座",down,78.6,1759.6,94.63999999999999,46.6,independent
6,"控制台内部承托",north,76.19999999999999,1861.2,91.84,6.399999999999999,independent
6,"控制台内部承托",east,174.04,1861.2,44.199999999999996,6.399999999999999,independent
6,"控制台内部承托",south,224.24,1861.2,91.84,6.399999999999999,independent
6,"控制台内部承托",west,26,1861.2,44.199999999999996,6.399999999999999,independent
6,"控制台内部承托",up,76.19999999999999,1811,91.84,44.199999999999996,independent
6,"控制台内部承托",down,76.19999999999999,1873.6,91.84,44.199999999999996,independent
2,"下柜内部承重箱",north,370.6,1860.6,91.03999999999999,45,independent
2,"下柜内部承重箱",east,467.64,1860.6,43.6,45,independent
2,"下柜内部承重箱",south,517.24,1860.6,91.03999999999999,45,independent
2,"下柜内部承重箱",west,321,1860.6,43.6,45,independent
2,"下柜内部承重箱",up,370.6,1811,91.03999999999999,43.6,independent
2,"下柜内部承重箱",down,370.6,1911.6,91.03999999999999,43.6,independent
7,"控制台内支撑梁",north,60.2,1956.2,90.63999999999999,10,independent
7,"控制台内支撑梁",east,156.83999999999997,1956.2,28.200000000000003,10,independent
7,"控制台内支撑梁",south,191.04,1956.2,90.63999999999999,10,independent
7,"控制台内支撑梁",west,26,1956.2,28.200000000000003,10,independent
7,"控制台内支撑梁",up,60.2,1922,90.63999999999999,28.200000000000003,independent
7,"控制台内支撑梁",down,60.2,1972.2,90.63999999999999,28.200000000000003,independent
51,"32单位整高顶盖",north,311.24,1985.24,96,2,independent
51,"32单位整高顶盖",east,413.24,1985.24,19.240000000000002,2,independent
51,"32单位整高顶盖",south,438.48,1985.24,96,2,independent
51,"32单位整高顶盖",west,286,1985.24,19.240000000000002,2,independent
51,"32单位整高顶盖",up,311.24,1960,96,19.240000000000002,independent
51,"32单位整高顶盖",down,311.24,1993.24,96,19.240000000000002,independent
35,"操作台黑色托盘",north,562.92,1983.92,90.88,2,independent
35,"操作台黑色托盘",east,659.8,1983.92,17.92,2,independent
35,"操作台黑色托盘",south,683.72,1983.92,90.88,2,independent
35,"操作台黑色托盘",west,539,1983.92,17.92,2,independent
35,"操作台黑色托盘",up,562.92,1960,90.88,17.92,independent
35,"操作台黑色托盘",down,562.92,1991.92,90.88,17.92,independent
234,"宽屏底部结构横梁",north,356.8,1723.8,86.4,5.600000000000001,independent
234,"宽屏底部结构横梁",east,449.2,1723.8,19.8,5.600000000000001,independent
234,"宽屏底部结构横梁",south,475,1723.8,86.4,5.600000000000001,independent
234,"宽屏底部结构横梁",west,331,1723.8,19.8,5.600000000000001,independent
234,"宽屏底部结构横梁",up,356.8,1698,86.4,19.8,independent
234,"宽屏底部结构横梁",down,356.8,1735.4,86.4,19.8,independent
36,"独立空白控制面",north,588.6,1720.6,89.44,2,independent
36,"独立空白控制面",east,684.04,1720.6,16.599999999999998,2,independent
36,"独立空白控制面",south,706.64,1720.6,89.44,2,independent
36,"独立空白控制面",west,566,1720.6,16.599999999999998,2,independent
36,"独立空白控制面",down,588.6,1728.6,89.44,16.599999999999998,independent
39,"屏下斜裙板",north,587.8,1771.8,90.08000000000001,8.079999999999998,independent
39,"屏下斜裙板",east,683.88,1771.8,15.8,8.079999999999998,independent
39,"屏下斜裙板",south,705.6800000000001,1771.8,90.08000000000001,8.079999999999998,independent
39,"屏下斜裙板",west,566,1771.8,15.8,8.079999999999998,independent
39,"屏下斜裙板",up,587.8,1750,90.08000000000001,15.8,independent
39,"屏下斜裙板",down,587.8,1785.88,90.08000000000001,15.8,independent
50,"灯箱实体",north,633.48,1826.48,90.88,10.399999999999991,independent
50,"灯箱实体",east,730.36,1826.48,14.479999999999997,10.399999999999991,independent
50,"灯箱实体",south,750.8399999999999,1826.48,90.88,10.399999999999991,independent
50,"灯箱实体",west,613,1826.48,14.479999999999997,10.399999999999991,independent
50,"灯箱实体",up,633.48,1806,90.88,14.479999999999997,independent
50,"灯箱实体",down,633.48,1842.8799999999999,90.88,14.479999999999997,independent
57,"屏幕下部连续承托梁",north,637,1886,86.4,7.199999999999996,independent
57,"屏幕下部连续承托梁",east,729.4,1886,18,7.199999999999996,independent
57,"屏幕下部连续承托梁",south,753.4,1886,86.4,7.199999999999996,independent
57,"屏幕下部连续承托梁",west,613,1886,18,7.199999999999996,independent
57,"屏幕下部连续承托梁",up,637,1862,86.4,18,independent
57,"屏幕下部连续承托梁",down,637,1899.2,86.4,18,independent
8,"后部内支撑梁",north,345.2,1774.2,90.63999999999999,7.079999999999998,independent
8,"后部内支撑梁",east,441.84,1774.2,8.200000000000003,7.079999999999998,independent
8,"后部内支撑梁",south,456.03999999999996,1774.2,90.63999999999999,7.079999999999998,independent
8,"后部内支撑梁",west,331,1774.2,8.200000000000003,7.079999999999998,independent
8,"后部内支撑梁",up,345.2,1760,90.63999999999999,8.200000000000003,independent
8,"后部内支撑梁",down,345.2,1787.28,90.63999999999999,8.200000000000003,independent
5,"后背整板",north,852.6,1870.6,92.63999999999999,124.03999999999999,independent
5,"后背整板",east,951.24,1870.6,2.6000000000000014,124.03999999999999,independent
5,"后背整板",south,959.84,1870.6,92.63999999999999,124.03999999999999,independent
5,"后背整板",west,844,1870.6,2.6000000000000014,124.03999999999999,independent
5,"后背整板",up,852.6,1862,92.63999999999999,2.6000000000000014,independent
5,"后背整板",down,852.6,2000.6399999999999,92.63999999999999,2.6000000000000014,independent
4,"踢脚黑边",north,621,1930,92.24000000000001,3.12,independent
4,"踢脚黑边",east,719.24,1930,2,3.12,independent
4,"踢脚黑边",south,727.24,1930,92.24000000000001,3.12,independent
4,"踢脚黑边",west,613,1930,2,3.12,independent
4,"踢脚黑边",up,621,1922,92.24000000000001,2,independent
4,"踢脚黑边",down,621,1939.12,92.24000000000001,2,independent
52,"灯箱下框",north,808.4,1758.4,91.36000000000001,2,independent
52,"灯箱下框",east,905.76,1758.4,2.3999999999999986,2,independent
52,"灯箱下框",south,914.16,1758.4,91.36000000000001,2,independent
52,"灯箱下框",west,800,1758.4,2.3999999999999986,2,independent
52,"灯箱下框",up,808.4,1750,91.36000000000001,2.3999999999999986,independent
52,"灯箱下框",down,808.4,1766.4,91.36000000000001,2.3999999999999986,independent
40,"屏幕厚背壳",north,1021.88,1709.88,87.52000000000001,68.14,independent
40,"屏幕厚背壳",east,1115.4,1709.88,5.879999999999999,68.14,independent
40,"屏幕厚背壳",south,1127.28,1709.88,87.52000000000001,68.14,independent
40,"屏幕厚背壳",west,1010,1709.88,5.879999999999999,68.14,independent
40,"屏幕厚背壳",up,1021.88,1698,87.52000000000001,5.879999999999999,independent
40,"屏幕厚背壳",down,1021.88,1784.02,87.52000000000001,5.879999999999999,independent
37,"操作台前围板",north,809,1706,91.03999999999999,4.759999999999998,independent
37,"操作台前围板",east,906.04,1706,2,4.759999999999998,independent
37,"操作台前围板",south,914.04,1706,91.03999999999999,4.759999999999998,independent
37,"操作台前围板",west,801,1706,2,4.759999999999998,independent
37,"操作台前围板",up,809,1698,91.03999999999999,2,independent
37,"操作台前围板",down,809,1716.76,91.03999999999999,2,independent
53,"灯箱上框",north,809,1731,91.36000000000001,2,independent
53,"灯箱上框",east,906.36,1731,2,2,independent
53,"灯箱上框",south,914.36,1731,91.36000000000001,2,independent
53,"灯箱上框",west,801,1731,2,2,independent
53,"灯箱上框",up,809,1723,91.36000000000001,2,independent
53,"灯箱上框",down,809,1739,91.36000000000001,2,independent
38,"前沿小倒角",north,808,1781,90.96000000000001,2,independent
38,"前沿小倒角",east,904.96,1781,2,2,independent
38,"前沿小倒角",south,912.96,1781,90.96000000000001,2,independent
38,"前沿小倒角",west,800,1781,2,2,independent
38,"前沿小倒角",up,808,1773,90.96000000000001,2,independent
38,"前沿小倒角",down,808,1789,90.96000000000001,2,independent
3,"下前整板",east,949.84,1803,2,44.6,independent
3,"下前整板",south,957.84,1803,89.84,44.6,independent
3,"下前整板",west,846,1803,2,44.6,independent
3,"下前整板",up,854,1795,89.84,2,independent
3,"下前整板",down,854,1853.6,89.84,2,independent
75,"后检修盖",north,1065,1802,81.44,62.8,independent
75,"后检修盖",east,1152.44,1802,2,62.8,independent
75,"后检修盖",south,1160.44,1802,81.44,62.8,independent
75,"后检修盖",west,1057,1802,2,62.8,independent
75,"后检修盖",up,1065,1794,81.44,2,independent
75,"后检修盖",down,1065,1870.8,81.44,2,independent
43,"屏幕下厚框",north,1065.88,1885.88,80.4,4,independent
43,"屏幕下厚框",east,1152.28,1885.88,2.8800000000000026,4,independent
43,"屏幕下厚框",south,1161.16,1885.88,80.4,4,independent
43,"屏幕下厚框",west,1057,1885.88,2.8800000000000026,4,independent
43,"屏幕下厚框",up,1065.88,1877,80.4,2.8800000000000026,independent
43,"屏幕下厚框",down,1065.88,1895.88,80.4,2.8800000000000026,independent
44,"屏幕上厚框",north,1065.88,1911.88,80.4,3.259999999999991,independent
44,"屏幕上厚框",east,1152.28,1911.88,2.8800000000000026,3.259999999999991,independent
44,"屏幕上厚框",south,1161.16,1911.88,80.4,3.259999999999991,independent
44,"屏幕上厚框",west,1057,1911.88,2.8800000000000026,3.259999999999991,independent
44,"屏幕上厚框",up,1065.88,1903,80.4,2.8800000000000026,independent
44,"屏幕上厚框",down,1065.88,1921.14,80.4,2.8800000000000026,independent
70,"后部散热槽0",north,1065,1937,64.47999999999999,2,independent
70,"后部散热槽0",east,1135.48,1937,2,2,independent
70,"后部散热槽0",south,1143.48,1937,64.47999999999999,2,independent
70,"后部散热槽0",west,1057,1937,2,2,independent
70,"后部散热槽0",up,1065,1929,64.47999999999999,2,independent
70,"后部散热槽0",down,1065,1945,64.47999999999999,2,independent
71,"后部散热槽1",north,1065,1959,64.47999999999999,2,independent
71,"后部散热槽1",east,1135.48,1959,2,2,independent
71,"后部散热槽1",south,1143.48,1959,64.47999999999999,2,independent
71,"后部散热槽1",west,1057,1959,2,2,independent
71,"后部散热槽1",up,1065,1951,64.47999999999999,2,independent
71,"后部散热槽1",down,1065,1967,64.47999999999999,2,independent
72,"后部散热槽2",north,1065,1981,64.47999999999999,2,independent
72,"后部散热槽2",east,1135.48,1981,2,2,independent
72,"后部散热槽2",south,1143.48,1981,64.47999999999999,2,independent
72,"后部散热槽2",west,1057,1981,2,2,independent
72,"后部散热槽2",up,1065,1973,64.47999999999999,2,independent
72,"后部散热槽2",down,1065,1989,64.47999999999999,2,independent
73,"后部散热槽3",north,1065,2003,64.47999999999999,2,independent
73,"后部散热槽3",east,1135.48,2003,2,2,independent
73,"后部散热槽3",south,1143.48,2003,64.47999999999999,2,independent
73,"后部散热槽3",west,1057,2003,2,2,independent
73,"后部散热槽3",up,1065,1995,64.47999999999999,2,independent
73,"后部散热槽3",down,1065,2011,64.47999999999999,2,independent
74,"后部散热槽4",north,1220,1937,64.47999999999999,2,independent
74,"后部散热槽4",east,1290.48,1937,2,2,independent
74,"后部散热槽4",south,1298.48,1937,64.47999999999999,2,independent
74,"后部散热槽4",west,1212,1937,2,2,independent
74,"后部散热槽4",up,1220,1929,64.47999999999999,2,independent
74,"后部散热槽4",down,1220,1945,64.47999999999999,2,independent
9,"左侧板·下段整板",north,1419,1832,3,45.800000000000004,independent
9,"左侧板·下段整板",south,1480,1832,3,45.800000000000004,independent
9,"左侧板·下段整板",west,1367,1832,46,45.800000000000004,independent
9,"左侧板·下段整板",up,1419,1780,3,46,independent
9,"左侧板·下段整板",down,1419,1883.8,3,46,independent
22,"右侧板·下段整板",north,1539,1750,3,45.800000000000004,independent
22,"右侧板·下段整板",east,1548,1750,46,45.800000000000004,independent
22,"右侧板·下段整板",south,1600,1750,3,45.800000000000004,independent
22,"右侧板·下段整板",up,1539,1698,3,46,independent
22,"右侧板·下段整板",down,1539,1801.8,3,46,independent
10,"左侧板·连续后脊",north,1272.6,1806.6,3,83.32,independent
10,"左侧板·连续后脊",south,1308.2,1806.6,3,83.32,independent
10,"左侧板·连续后脊",west,1246,1806.6,20.6,83.32,independent
10,"左侧板·连续后脊",up,1272.6,1780,3,20.6,independent
10,"左侧板·连续后脊",down,1272.6,1895.92,3,20.6,independent
23,"右侧板·连续后脊",north,1513.6,1878.6,3,83.32,independent
23,"右侧板·连续后脊",east,1522.6,1878.6,20.6,83.32,independent
23,"右侧板·连续后脊",south,1549.2,1878.6,3,83.32,independent
23,"右侧板·连续后脊",up,1513.6,1852,3,20.6,independent
23,"右侧板·连续后脊",down,1513.6,1967.92,3,20.6,independent
13,"左側板·后仰屏边",north,1579.28,1874.28,3,68.34,independent
13,"左側板·后仰屏边",south,1610.56,1874.28,3,68.34,independent
13,"左側板·后仰屏边",west,1557,1874.28,16.28,68.34,independent
13,"左側板·后仰屏边",up,1579.28,1852,3,16.28,independent
13,"左側板·后仰屏边",down,1579.28,1948.62,3,16.28,independent
26,"右側板·后仰屏边",north,1629.28,1720.28,3,68.34,independent
26,"右側板·后仰屏边",east,1638.28,1720.28,16.28,68.34,independent
26,"右側板·后仰屏边",south,1660.56,1720.28,3,68.34,independent
26,"右側板·后仰屏边",up,1629.28,1698,3,16.28,independent
26,"右側板·后仰屏边",down,1629.28,1794.62,3,16.28,independent
41,"屏幕左厚框",north,1375.88,1942.88,3.9200000000000017,68.14,independent
41,"屏幕左厚框",east,1385.8,1942.88,2.8800000000000026,68.14,independent
41,"屏幕左厚框",south,1394.68,1942.88,3.9200000000000017,68.14,independent
41,"屏幕左厚框",west,1367,1942.88,2.8800000000000026,68.14,independent
41,"屏幕左厚框",up,1375.88,1934,3.9200000000000017,2.8800000000000026,independent
41,"屏幕左厚框",down,1375.88,2017.02,3.9200000000000017,2.8800000000000026,independent
42,"屏幕右厚框",north,1411.88,1942.88,3.92,68.14,independent
42,"屏幕右厚框",east,1421.8,1942.88,2.8800000000000026,68.14,independent
42,"屏幕右厚框",south,1430.68,1942.88,3.92,68.14,independent
42,"屏幕右厚框",west,1403,1942.88,2.8800000000000026,68.14,independent
42,"屏幕右厚框",up,1411.88,1934,3.92,2.8800000000000026,independent
42,"屏幕右厚框",down,1411.88,2017.02,3.92,2.8800000000000026,independent
20,"左屏幕前包边",north,1447,1942,3.240000000000009,64.07999999999998,independent
20,"左屏幕前包边",east,1456.24,1942,2,64.07999999999998,independent
20,"左屏幕前包边",south,1464.24,1942,3.240000000000009,64.07999999999998,independent
20,"左屏幕前包边",west,1439,1942,2,64.07999999999998,independent
20,"左屏幕前包边",up,1447,1934,3.240000000000009,2,independent
20,"左屏幕前包边",down,1447,2012.08,3.240000000000009,2,independent
33,"右屏幕前包边",north,1324,1788,3.24,64.07999999999998,independent
33,"右屏幕前包边",east,1333.24,1788,2,64.07999999999998,independent
33,"右屏幕前包边",south,1341.24,1788,3.24,64.07999999999998,independent
33,"右屏幕前包边",west,1316,1788,2,64.07999999999998,independent
33,"右屏幕前包边",up,1324,1780,3.24,2,independent
33,"右屏幕前包边",down,1324,1858.08,3.24,2,independent
11,"左侧板·腰部闭合片",north,1435.8,1725.8,3,6.600000000000001,independent
11,"左侧板·腰部闭合片",south,1472.6,1725.8,3,6.600000000000001,independent
11,"左侧板·腰部闭合片",west,1408,1725.8,21.8,6.600000000000001,independent
11,"左侧板·腰部闭合片",up,1435.8,1698,3,21.8,independent
11,"左侧板·腰部闭合片",down,1435.8,1738.4,3,21.8,independent
24,"右侧板·腰部闭合片",north,1239.8,1978.8,3,6.600000000000001,independent
24,"右侧板·腰部闭合片",east,1248.8,1978.8,21.8,6.600000000000001,independent
24,"右侧板·腰部闭合片",south,1276.6,1978.8,3,6.600000000000001,independent
24,"右侧板·腰部闭合片",up,1239.8,1951,3,21.8,independent
24,"右侧板·腰部闭合片",down,1239.8,1991.4,3,21.8,independent
14,"左侧板·控制台鼻部",north,1308.52,1975.52,3,7.399999999999999,independent
14,"左侧板·控制台鼻部",south,1342.04,1975.52,3,7.399999999999999,independent
14,"左侧板·控制台鼻部",west,1284,1975.52,18.520000000000003,7.399999999999999,independent
14,"左侧板·控制台鼻部",up,1308.52,1951,3,18.520000000000003,independent
14,"左侧板·控制台鼻部",down,1308.52,1988.92,3,18.520000000000003,independent
27,"右侧板·控制台鼻部",north,1642.52,1839.52,3,7.399999999999999,independent
27,"右侧板·控制台鼻部",east,1651.52,1839.52,18.520000000000003,7.399999999999999,independent
27,"右侧板·控制台鼻部",south,1676.04,1839.52,3,7.399999999999999,independent
27,"右侧板·控制台鼻部",up,1642.52,1815,3,18.520000000000003,independent
27,"右侧板·控制台鼻部",down,1642.52,1852.92,3,18.520000000000003,independent
214,"1P/投币门黑框",north,1565,1977,19.599999999999994,24.6,independent
214,"1P/投币门黑框",east,1590.6,1977,2,24.6,independent
214,"1P/投币门黑框",south,1598.6,1977,19.599999999999994,24.6,independent
214,"1P/投币门黑框",west,1557,1977,2,24.6,independent
214,"1P/投币门黑框",up,1565,1969,19.599999999999994,2,independent
214,"1P/投币门黑框",down,1565,2007.6,19.599999999999994,2,independent
224,"2P/投币门黑框",north,1626,1884,19.599999999999998,24.6,independent
224,"2P/投币门黑框",east,1651.6,1884,2,24.6,independent
224,"2P/投币门黑框",south,1659.6,1884,19.599999999999998,24.6,independent
224,"2P/投币门黑框",west,1618,1884,2,24.6,independent
224,"2P/投币门黑框",up,1626,1876,19.599999999999998,2,independent
224,"2P/投币门黑框",down,1626,1914.6,19.599999999999998,2,independent
18,"左侧板·灯箱颊板",north,803.32,1970.32,3,10.920000000000002,independent
18,"左侧板·灯箱颊板",south,836.64,1970.32,3,10.920000000000002,independent
18,"左侧板·灯箱颊板",west,779,1970.32,18.32,10.920000000000002,independent
18,"左侧板·灯箱颊板",up,803.32,1946,3,18.32,independent
18,"左侧板·灯箱颊板",down,803.32,1987.24,3,18.32,independent
31,"右侧板·灯箱颊板",north,1647.32,1945.32,3,10.920000000000002,independent
31,"右侧板·灯箱颊板",east,1656.32,1945.32,18.32,10.920000000000002,independent
31,"右侧板·灯箱颊板",south,1680.64,1945.32,3,10.920000000000002,independent
31,"右侧板·灯箱颊板",up,1647.32,1921,3,18.32,independent
31,"右侧板·灯箱颊板",down,1647.32,1962.24,3,18.32,independent
19,"左下柜前包边",north,1676,1706,3.1999999999999886,44.72,independent
19,"左下柜前包边",east,1685.2,1706,2,44.72,independent
19,"左下柜前包边",south,1693.2,1706,3.1999999999999886,44.72,independent
19,"左下柜前包边",west,1668,1706,2,44.72,independent
19,"左下柜前包边",up,1676,1698,3.1999999999999886,2,independent
19,"左下柜前包边",down,1676,1756.72,3.1999999999999886,2,independent
32,"右下柜前包边",north,1692,1771,3.200000000000001,44.72,independent
32,"右下柜前包边",east,1701.2,1771,2,44.72,independent
32,"右下柜前包边",south,1709.2,1771,3.200000000000001,44.72,independent
32,"右下柜前包边",west,1684,1771,2,44.72,independent
32,"右下柜前包边",up,1692,1763,3.200000000000001,2,independent
32,"右下柜前包边",down,1692,1821.72,3.200000000000001,2,independent
16,"左侧板·屏下连接",north,1724.6,1721.6,3,9,independent
16,"左侧板·屏下连接",south,1757.2,1721.6,3,9,independent
16,"左侧板·屏下连接",west,1701,1721.6,17.6,9,independent
16,"左侧板·屏下连接",up,1724.6,1698,3,17.6,independent
16,"左侧板·屏下连接",down,1724.6,1736.6,3,17.6,independent
29,"右侧板·屏下连接",north,1707.6,1851.6,3,9,independent
29,"右侧板·屏下连接",east,1716.6,1851.6,17.6,9,independent
29,"右侧板·屏下连接",south,1740.2,1851.6,3,9,independent
29,"右侧板·屏下连接",up,1707.6,1828,3,17.6,independent
29,"右侧板·屏下连接",down,1707.6,1866.6,3,17.6,independent
12,"左侧板·肩部闭合片",north,1739.8,1781.8,3,10.599999999999994,independent
12,"左侧板·肩部闭合片",south,1771.6,1781.8,3,10.599999999999994,independent
12,"左侧板·肩部闭合片",west,1717,1781.8,16.799999999999997,10.599999999999994,independent
12,"左侧板·肩部闭合片",up,1739.8,1759,3,16.799999999999997,independent
12,"左侧板·肩部闭合片",down,1739.8,1798.4,3,16.799999999999997,independent
25,"右侧板·肩部闭合片",north,1787.8,1720.8,3,10.599999999999994,independent
25,"右侧板·肩部闭合片",east,1796.8,1720.8,16.799999999999997,10.599999999999994,independent
25,"右侧板·肩部闭合片",south,1819.6,1720.8,3,10.599999999999994,independent
25,"右侧板·肩部闭合片",up,1787.8,1698,3,16.799999999999997,independent
25,"右侧板·肩部闭合片",down,1787.8,1737.4,3,16.799999999999997,independent
215,"1P/投币门金属边",north,1696,1897,17.919999999999995,22.960000000000004,independent
215,"1P/投币门金属边",east,1719.92,1897,2,22.960000000000004,independent
215,"1P/投币门金属边",south,1727.92,1897,17.919999999999995,22.960000000000004,independent
215,"1P/投币门金属边",west,1688,1897,2,22.960000000000004,independent
215,"1P/投币门金属边",up,1696,1889,17.919999999999995,2,independent
215,"1P/投币门金属边",down,1696,1925.96,17.919999999999995,2,independent
225,"2P/投币门金属边",north,1756,1828,17.92,22.960000000000004,independent
225,"2P/投币门金属边",east,1779.92,1828,2,22.960000000000004,independent
225,"2P/投币门金属边",south,1787.92,1828,17.92,22.960000000000004,independent
225,"2P/投币门金属边",west,1748,1828,2,22.960000000000004,independent
225,"2P/投币门金属边",up,1756,1820,17.92,2,independent
225,"2P/投币门金属边",down,1756,1856.96,17.92,2,independent
216,"1P/投币门内板",north,1787,1767,16.479999999999997,21.479999999999997,independent
216,"1P/投币门内板",east,1809.48,1767,2,21.479999999999997,independent
216,"1P/投币门内板",south,1817.48,1767,16.479999999999997,21.479999999999997,independent
216,"1P/投币门内板",west,1779,1767,2,21.479999999999997,independent
216,"1P/投币门内板",up,1787,1759,16.479999999999997,2,independent
216,"1P/投币门内板",down,1787,1794.48,16.479999999999997,2,independent
226,"2P/投币门内板",north,1835,1706,16.479999999999997,21.479999999999997,independent
226,"2P/投币门内板",east,1857.48,1706,2,21.479999999999997,independent
226,"2P/投币门内板",south,1865.48,1706,16.479999999999997,21.479999999999997,independent
226,"2P/投币门内板",west,1827,1706,2,21.479999999999997,independent
226,"2P/投币门内板",up,1835,1698,16.479999999999997,2,independent
226,"2P/投币门内板",down,1835,1733.48,16.479999999999997,2,independent
15,"左侧板·鼻部下斜面",north,1639.6,2001.6,3,3.6000000000000014,independent
15,"左侧板·鼻部下斜面",south,1665.2,2001.6,3,3.6000000000000014,independent
15,"左侧板·鼻部下斜面",west,1623,2001.6,10.6,3.6000000000000014,independent
15,"左侧板·鼻部下斜面",up,1639.6,1985,3,10.6,independent
15,"左侧板·鼻部下斜面",down,1639.6,2011.2,3,10.6,independent
28,"右侧板·鼻部下斜面",north,1689.6,2001.6,3,3.6000000000000014,independent
28,"右侧板·鼻部下斜面",east,1698.6,2001.6,10.6,3.6000000000000014,independent
28,"右侧板·鼻部下斜面",south,1715.2,2001.6,3,3.6000000000000014,independent
28,"右侧板·鼻部下斜面",up,1689.6,1985,3,10.6,independent
28,"右侧板·鼻部下斜面",down,1689.6,2011.2,3,10.6,independent
17,"左侧板·灯箱回弯斜肩",north,1330.88,1879.88,3,4,independent
17,"左侧板·灯箱回弯斜肩",south,1354.76,1879.88,3,4,independent
17,"左侧板·灯箱回弯斜肩",west,1316,1879.88,8.879999999999995,4,independent
17,"左侧板·灯箱回弯斜肩",up,1330.88,1865,3,8.879999999999995,independent
17,"左侧板·灯箱回弯斜肩",down,1330.88,1889.88,3,8.879999999999995,independent
30,"右侧板·灯箱回弯斜肩",north,1702.88,1946.88,3,4,independent
30,"右侧板·灯箱回弯斜肩",east,1711.88,1946.88,8.879999999999995,4,independent
30,"右侧板·灯箱回弯斜肩",south,1726.76,1946.88,3,4,independent
30,"右侧板·灯箱回弯斜肩",up,1702.88,1932,3,8.879999999999995,independent
30,"右侧板·灯箱回弯斜肩",down,1702.88,1956.88,3,8.879999999999995,independent
58,"1P台沿/扬声器浅面框",north,1756,1871,8.319999999999993,3.8000000000000043,independent
58,"1P台沿/扬声器浅面框",east,1770.32,1871,2,3.8000000000000043,independent
58,"1P台沿/扬声器浅面框",south,1778.32,1871,8.319999999999993,3.8000000000000043,independent
58,"1P台沿/扬声器浅面框",west,1748,1871,2,3.8000000000000043,independent
58,"1P台沿/扬声器浅面框",up,1756,1863,8.319999999999993,2,independent
58,"1P台沿/扬声器浅面框",down,1756,1880.8,8.319999999999993,2,independent
64,"2P台沿/扬声器浅面框",north,1324,1911,8.32,3.8000000000000043,independent
64,"2P台沿/扬声器浅面框",east,1338.32,1911,2,3.8000000000000043,independent
64,"2P台沿/扬声器浅面框",south,1346.32,1911,8.32,3.8000000000000043,independent
64,"2P台沿/扬声器浅面框",west,1316,1911,2,3.8000000000000043,independent
64,"2P台沿/扬声器浅面框",up,1324,1903,8.32,2,independent
64,"2P台沿/扬声器浅面框",down,1324,1920.8,8.32,2,independent
235,"左侧板·屏台接缝闭合片",north,1734.2,1981.2,3,9.200000000000003,independent
235,"左侧板·屏台接缝闭合片",south,1754.4,1981.2,3,9.200000000000003,independent
235,"左侧板·屏台接缝闭合片",west,1723,1981.2,5.200000000000003,9.200000000000003,independent
235,"左侧板·屏台接缝闭合片",up,1734.2,1970,3,5.200000000000003,independent
235,"左侧板·屏台接缝闭合片",down,1734.2,1996.4,3,5.200000000000003,independent
236,"右侧板·屏台接缝闭合片",north,1745.2,1943.2,3,9.200000000000003,independent
236,"右侧板·屏台接缝闭合片",east,1754.2,1943.2,5.200000000000003,9.200000000000003,independent
236,"右侧板·屏台接缝闭合片",south,1765.4,1943.2,3,9.200000000000003,independent
236,"右侧板·屏台接缝闭合片",up,1745.2,1932,3,5.200000000000003,independent
236,"右侧板·屏台接缝闭合片",down,1745.2,1958.4,3,5.200000000000003,independent
220,"1P/单个取币口边缘",north,1480,2001,6,4.800000000000001,independent
220,"1P/单个取币口边缘",east,1492,2001,2,4.800000000000001,independent
220,"1P/单个取币口边缘",south,1500,2001,6,4.800000000000001,independent
220,"1P/单个取币口边缘",west,1472,2001,2,4.800000000000001,independent
220,"1P/单个取币口边缘",up,1480,1993,6,2,independent
220,"1P/单个取币口边缘",down,1480,2011.8,6,2,independent
230,"2P/单个取币口边缘",north,1518,2001,6,4.800000000000001,independent
230,"2P/单个取币口边缘",east,1530,2001,2,4.800000000000001,independent
230,"2P/单个取币口边缘",south,1538,2001,6,4.800000000000001,independent
230,"2P/单个取币口边缘",west,1510,2001,2,4.800000000000001,independent
230,"2P/单个取币口边缘",up,1518,1993,6,2,independent
230,"2P/单个取币口边缘",down,1518,2011.8,6,2,independent
221,"1P/单个取币口暗腔",north,1758,1895,4.560000000000002,3.4800000000000004,independent
221,"1P/单个取币口暗腔",east,1768.56,1895,2,3.4800000000000004,independent
221,"1P/单个取币口暗腔",south,1776.56,1895,4.560000000000002,3.4800000000000004,independent
221,"1P/单个取币口暗腔",west,1750,1895,2,3.4800000000000004,independent
221,"1P/单个取币口暗腔",up,1758,1887,4.560000000000002,2,independent
221,"1P/单个取币口暗腔",down,1758,1904.48,4.560000000000002,2,independent
231,"2P/单个取币口暗腔",north,1770,1976,4.560000000000002,3.4800000000000004,independent
231,"2P/单个取币口暗腔",east,1780.56,1976,2,3.4800000000000004,independent
231,"2P/单个取币口暗腔",south,1788.56,1976,4.560000000000002,3.4800000000000004,independent
231,"2P/单个取币口暗腔",west,1762,1976,2,3.4800000000000004,independent
231,"2P/单个取币口暗腔",up,1770,1968,4.560000000000002,2,independent
231,"2P/单个取币口暗腔",down,1770,1985.48,4.560000000000002,2,independent
217,"1P/投币机构边框",north,294,1930,4.480000000000018,8.079999999999998,independent
217,"1P/投币机构边框",east,304.48,1930,2,8.079999999999998,independent
217,"1P/投币机构边框",south,312.48,1930,4.480000000000018,8.079999999999998,independent
217,"1P/投币机构边框",west,286,1930,2,8.079999999999998,independent
217,"1P/投币机构边框",up,294,1922,4.480000000000018,2,independent
217,"1P/投币机构边框",down,294,1944.08,4.480000000000018,2,independent
227,"2P/投币机构边框",north,1770,2000,4.480000000000004,8.079999999999998,independent
227,"2P/投币机构边框",east,1780.48,2000,2,8.079999999999998,independent
227,"2P/投币机构边框",south,1788.48,2000,4.480000000000004,8.079999999999998,independent
227,"2P/投币机构边框",west,1762,2000,2,8.079999999999998,independent
227,"2P/投币机构边框",up,1770,1992,4.480000000000004,2,independent
227,"2P/投币机构边框",down,1770,2014.08,4.480000000000004,2,independent
21,"左灯箱前包边",north,1805,2000,3.240000000000009,11.400000000000006,independent
21,"左灯箱前包边",east,1814.24,2000,2,11.400000000000006,independent
21,"左灯箱前包边",south,1822.24,2000,3.240000000000009,11.400000000000006,independent
21,"左灯箱前包边",west,1797,2000,2,11.400000000000006,independent
21,"左灯箱前包边",up,1805,1992,3.240000000000009,2,independent
21,"左灯箱前包边",down,1805,2017.4,3.240000000000009,2,independent
34,"右灯箱前包边",north,1781,1919,3.24,11.400000000000006,independent
34,"右灯箱前包边",east,1790.24,1919,2,11.400000000000006,independent
34,"右灯箱前包边",south,1798.24,1919,3.24,11.400000000000006,independent
34,"右灯箱前包边",west,1773,1919,2,11.400000000000006,independent
34,"右灯箱前包边",up,1781,1911,3.24,2,independent
34,"右灯箱前包边",down,1781,1936.4,3.24,2,independent
218,"1P/退币小红钮",north,1794,1895,2.8000000000000114,2.6799999999999997,independent
218,"1P/退币小红钮",east,1802.8,1895,2,2.6799999999999997,independent
218,"1P/退币小红钮",south,1810.8,1895,2.8000000000000114,2.6799999999999997,independent
218,"1P/退币小红钮",west,1786,1895,2,2.6799999999999997,independent
218,"1P/退币小红钮",up,1794,1887,2.8000000000000114,2,independent
218,"1P/退币小红钮",down,1794,1903.68,2.8000000000000114,2,independent
228,"2P/退币小红钮",north,1799,1871,2.799999999999997,2.6799999999999997,independent
228,"2P/退币小红钮",east,1807.8,1871,2,2.6799999999999997,independent
228,"2P/退币小红钮",south,1815.8,1871,2.799999999999997,2.6799999999999997,independent
228,"2P/退币小红钮",west,1791,1871,2,2.6799999999999997,independent
228,"2P/退币小红钮",up,1799,1863,2.799999999999997,2,independent
228,"2P/退币小红钮",down,1799,1879.68,2.799999999999997,2,independent
54,"灯箱左框",north,1806,1951,2.3599999999999994,8.399999999999991,independent
54,"灯箱左框",east,1814.36,1951,2,8.399999999999991,independent
54,"灯箱左框",south,1822.36,1951,2.3599999999999994,8.399999999999991,independent
54,"灯箱左框",west,1798,1951,2,8.399999999999991,independent
54,"灯箱左框",up,1806,1943,2.3599999999999994,2,independent
54,"灯箱左框",down,1806,1965.4,2.3599999999999994,2,independent
55,"灯箱右框",north,1814,1918,2.360000000000001,8.399999999999991,independent
55,"灯箱右框",east,1822.36,1918,2,8.399999999999991,independent
55,"灯箱右框",south,1830.36,1918,2.360000000000001,8.399999999999991,independent
55,"灯箱右框",west,1806,1918,2,8.399999999999991,independent
55,"灯箱右框",up,1814,1910,2.360000000000001,2,independent
55,"灯箱右框",down,1814,1932.4,2.360000000000001,2,independent
59,"1P台沿/扬声器金属格栅",north,1826,1894,2,2.9599999999999937,independent
59,"1P台沿/扬声器金属格栅",east,1834,1894,2,2.9599999999999937,independent
59,"1P台沿/扬声器金属格栅",south,1842,1894,2,2.9599999999999937,independent
59,"1P台沿/扬声器金属格栅",west,1818,1894,2,2.9599999999999937,independent
59,"1P台沿/扬声器金属格栅",up,1826,1886,2,2,independent
59,"1P台沿/扬声器金属格栅",down,1826,1902.96,2,2,independent
60,"1P台沿/扬声器金属格栅",north,1837,1947,2,2.9599999999999937,independent
60,"1P台沿/扬声器金属格栅",east,1845,1947,2,2.9599999999999937,independent
60,"1P台沿/扬声器金属格栅",south,1853,1947,2,2.9599999999999937,independent
60,"1P台沿/扬声器金属格栅",west,1829,1947,2,2.9599999999999937,independent
60,"1P台沿/扬声器金属格栅",up,1837,1939,2,2,independent
60,"1P台沿/扬声器金属格栅",down,1837,1955.96,2,2,independent
61,"1P台沿/扬声器金属格栅",north,1845,1917,2,2.9599999999999937,independent
61,"1P台沿/扬声器金属格栅",east,1853,1917,2,2.9599999999999937,independent
61,"1P台沿/扬声器金属格栅",south,1861,1917,2,2.9599999999999937,independent
61,"1P台沿/扬声器金属格栅",west,1837,1917,2,2.9599999999999937,independent
61,"1P台沿/扬声器金属格栅",up,1845,1909,2,2,independent
61,"1P台沿/扬声器金属格栅",down,1845,1925.96,2,2,independent
62,"1P台沿/扬声器金属格栅",north,1837,1970,2,2.9599999999999937,independent
62,"1P台沿/扬声器金属格栅",east,1845,1970,2,2.9599999999999937,independent
62,"1P台沿/扬声器金属格栅",south,1853,1970,2,2.9599999999999937,independent
62,"1P台沿/扬声器金属格栅",west,1829,1970,2,2.9599999999999937,independent
62,"1P台沿/扬声器金属格栅",up,1837,1962,2,2,independent
62,"1P台沿/扬声器金属格栅",down,1837,1978.96,2,2,independent
63,"1P台沿/扬声器金属格栅",north,1838,1993,2,2.9599999999999937,independent
63,"1P台沿/扬声器金属格栅",east,1846,1993,2,2.9599999999999937,independent
63,"1P台沿/扬声器金属格栅",south,1854,1993,2,2.9599999999999937,independent
63,"1P台沿/扬声器金属格栅",west,1830,1993,2,2.9599999999999937,independent
63,"1P台沿/扬声器金属格栅",up,1838,1985,2,2,independent
63,"1P台沿/扬声器金属格栅",down,1838,2001.96,2,2,independent
65,"2P台沿/扬声器金属格栅",north,1867,1940,2,2.9599999999999937,independent
65,"2P台沿/扬声器金属格栅",east,1875,1940,2,2.9599999999999937,independent
65,"2P台沿/扬声器金属格栅",south,1883,1940,2,2.9599999999999937,independent
65,"2P台沿/扬声器金属格栅",west,1859,1940,2,2.9599999999999937,independent
65,"2P台沿/扬声器金属格栅",up,1867,1932,2,2,independent
65,"2P台沿/扬声器金属格栅",down,1867,1948.96,2,2,independent
66,"2P台沿/扬声器金属格栅",north,1867,1963,2,2.9599999999999937,independent
66,"2P台沿/扬声器金属格栅",east,1875,1963,2,2.9599999999999937,independent
66,"2P台沿/扬声器金属格栅",south,1883,1963,2,2.9599999999999937,independent
66,"2P台沿/扬声器金属格栅",west,1859,1963,2,2.9599999999999937,independent
66,"2P台沿/扬声器金属格栅",up,1867,1955,2,2,independent
66,"2P台沿/扬声器金属格栅",down,1867,1971.96,2,2,independent
67,"2P台沿/扬声器金属格栅",north,1868,1986,2,2.9599999999999937,independent
67,"2P台沿/扬声器金属格栅",east,1876,1986,2,2.9599999999999937,independent
67,"2P台沿/扬声器金属格栅",south,1884,1986,2,2.9599999999999937,independent
67,"2P台沿/扬声器金属格栅",west,1860,1986,2,2.9599999999999937,independent
67,"2P台沿/扬声器金属格栅",up,1868,1978,2,2,independent
67,"2P台沿/扬声器金属格栅",down,1868,1994.96,2,2,independent
68,"2P台沿/扬声器金属格栅",north,1868,2009,2,2.9599999999999937,independent
68,"2P台沿/扬声器金属格栅",east,1876,2009,2,2.9599999999999937,independent
68,"2P台沿/扬声器金属格栅",south,1884,2009,2,2.9599999999999937,independent
68,"2P台沿/扬声器金属格栅",west,1860,2009,2,2.9599999999999937,independent
68,"2P台沿/扬声器金属格栅",up,1868,2001,2,2,independent
68,"2P台沿/扬声器金属格栅",down,1868,2017.96,2,2,independent
69,"2P台沿/扬声器金属格栅",north,1818,1809,2,2.9599999999999937,independent
69,"2P台沿/扬声器金属格栅",east,1826,1809,2,2.9599999999999937,independent
69,"2P台沿/扬声器金属格栅",south,1834,1809,2,2.9599999999999937,independent
69,"2P台沿/扬声器金属格栅",west,1810,1809,2,2.9599999999999937,independent
69,"2P台沿/扬声器金属格栅",up,1818,1801,2,2,independent
69,"2P台沿/扬声器金属格栅",down,1818,1817.96,2,2,independent
219,"1P/单个竖投币缝",north,1818,1832,2,2.799999999999997,independent
219,"1P/单个竖投币缝",east,1826,1832,2,2.799999999999997,independent
219,"1P/单个竖投币缝",south,1834,1832,2,2.799999999999997,independent
219,"1P/单个竖投币缝",west,1810,1832,2,2.799999999999997,independent
219,"1P/单个竖投币缝",up,1818,1824,2,2,independent
219,"1P/单个竖投币缝",down,1818,1840.8,2,2,independent
229,"2P/单个竖投币缝",north,1831,1855,2,2.799999999999997,independent
229,"2P/单个竖投币缝",east,1839,1855,2,2.799999999999997,independent
229,"2P/单个竖投币缝",south,1847,1855,2,2.799999999999997,independent
229,"2P/单个竖投币缝",west,1823,1855,2,2.799999999999997,independent
229,"2P/单个竖投币缝",up,1831,1847,2,2,independent
229,"2P/单个竖投币缝",down,1831,1863.8,2,2,independent
76,"后盖螺钉",north,1856,1878,2,2,independent
76,"后盖螺钉",east,1864,1878,2,2,independent
76,"后盖螺钉",south,1872,1878,2,2,independent
76,"后盖螺钉",west,1848,1878,2,2,independent
76,"后盖螺钉",up,1856,1870,2,2,independent
76,"后盖螺钉",down,1856,1886,2,2,independent
77,"后盖螺钉",north,1875,1900,2,2,independent
77,"后盖螺钉",east,1883,1900,2,2,independent
77,"后盖螺钉",south,1891,1900,2,2,independent
77,"后盖螺钉",west,1867,1900,2,2,independent
77,"后盖螺钉",up,1875,1892,2,2,independent
77,"后盖螺钉",down,1875,1908,2,2,independent
78,"后盖螺钉",north,1846,1748,2,2,independent
78,"后盖螺钉",east,1854,1748,2,2,independent
78,"后盖螺钉",south,1862,1748,2,2,independent
78,"后盖螺钉",west,1838,1748,2,2,independent
78,"后盖螺钉",up,1846,1740,2,2,independent
78,"后盖螺钉",down,1846,1756,2,2,independent
79,"后盖螺钉",north,1846,1770,2,2,independent
79,"后盖螺钉",east,1854,1770,2,2,independent
79,"后盖螺钉",south,1862,1770,2,2,independent
79,"后盖螺钉",west,1838,1770,2,2,independent
79,"后盖螺钉",up,1846,1762,2,2,independent
79,"后盖螺钉",down,1846,1778,2,2,independent
222,"1P/投币门锁",north,1848,1792,2,2,independent
222,"1P/投币门锁",east,1856,1792,2,2,independent
222,"1P/投币门锁",south,1864,1792,2,2,independent
222,"1P/投币门锁",west,1840,1792,2,2,independent
222,"1P/投币门锁",up,1848,1784,2,2,independent
222,"1P/投币门锁",down,1848,1800,2,2,independent
223,"1P/门锁细孔",north,1848,1814,2,2,independent
223,"1P/门锁细孔",east,1856,1814,2,2,independent
223,"1P/门锁细孔",south,1864,1814,2,2,independent
223,"1P/门锁细孔",west,1840,1814,2,2,independent
223,"1P/门锁细孔",up,1848,1806,2,2,independent
223,"1P/门锁细孔",down,1848,1822,2,2,independent
232,"2P/投币门锁",north,1861,1836,2,2,independent
232,"2P/投币门锁",east,1869,1836,2,2,independent
232,"2P/投币门锁",south,1877,1836,2,2,independent
232,"2P/投币门锁",west,1853,1836,2,2,independent
232,"2P/投币门锁",up,1861,1828,2,2,independent
232,"2P/投币门锁",down,1861,1844,2,2,independent
233,"2P/门锁细孔",north,1886,1858,2,2,independent
233,"2P/门锁细孔",east,1894,1858,2,2,independent
233,"2P/门锁细孔",south,1902,1858,2,2,independent
233,"2P/门锁细孔",west,1878,1858,2,2,independent
233,"2P/门锁细孔",up,1886,1850,2,2,independent
233,"2P/门锁细孔",down,1886,1866,2,2,independent
45,"可贴图边框_左",north,1088,192,89.2430279,679.1394422,bezel_projection
46,"可贴图边框_右",north,1894.7569721,192,89.2430279,679.1394422,bezel_projection
47,"可贴图边框_上",north,1177.2430279,192,717.5139442,66.0398406,bezel_projection
48,"可贴图边框_下",north,1177.2430279,797.0677291,717.5139442,74.0717131,bezel_projection
49,"4比3双人通用屏幕",north,1200,280,672,504,screen
45,"可贴图边框_左",east,6,1662,2,60.88,independent
45,"可贴图边框_左",south,12,1662,8,60.88,independent
45,"可贴图边框_左",west,24,1662,2,60.88,independent
45,"可贴图边框_左",up,30,1662,8,2,independent
45,"可贴图边框_左",down,42,1662,8,2,independent
46,"可贴图边框_右",east,54,1662,2,60.88,independent
46,"可贴图边框_右",south,60,1662,8,60.88,independent
46,"可贴图边框_右",west,72,1662,2,60.88,independent
46,"可贴图边框_右",up,78,1662,8,2,independent
46,"可贴图边框_右",down,90,1662,8,2,independent
47,"可贴图边框_上",east,102,1662,2,5.92,independent
47,"可贴图边框_上",south,108,1662,64.32,5.92,independent
47,"可贴图边框_上",west,178,1662,2,5.92,independent
47,"可贴图边框_上",up,184,1662,64.32,2,independent
47,"可贴图边框_上",down,254,1662,64.32,2,independent
48,"可贴图边框_下",east,324,1662,2,6.64,independent
48,"可贴图边框_下",south,330,1662,64.32,6.64,independent
48,"可贴图边框_下",west,400,1662,2,6.64,independent
48,"可贴图边框_下",up,406,1662,64.32,2,independent
48,"可贴图边框_下",down,476,1662,64.32,2,independent